batch_size,adam_lr,probits_mae,default,logits_loss,id,loss,probits_acc1,flattened_input,hidden_layers,probits_acc,probits_loss,max_epochs,dropout_p,seed,hidden_activation,output_type,hidden_dim
128,0.01,1.095337986946106,2.5044541358947754,2.1606385707855225,undFv,2.1606385707855225,0.6986610889434814,False,1,0.3758670687675476,,500,0.1,21,swish,ordinal_coral_weighted,32
64,0.01,1.1585739850997925,2.507930278778076,1.569516897201538,cnE4d,1.569516897201538,0.6668817400932312,False,1,0.4021616280078888,,500,0.1,21,swish,categorical_unsmoohted,32
128,0.001,1.1105016469955444,2.4587786197662354,2.2795956134796143,YWa36,2.2795956134796143,0.6960800290107727,False,2,0.3802226185798645,,500,0.1,21,swish,ordinal_coral_weighted,512
128,0.0001,1.0427488088607788,2.5311217308044434,2.0782699584960938,QUb9c,2.0782699584960938,0.7167285084724426,True,1,0.3884497582912445,,500,0.1,21,swish,ordinal_coral_weighted,512
128,0.01,1.106791377067566,2.6763460636138916,2.6027896404266357,noPzd,2.6027896404266357,0.6993063688278198,False,2,0.3795773386955261,,500,0.1,21,swish,ordinal_coral_unweighted,512
128,0.01,1.1276012659072876,2.611027240753174,2.2635438442230225,vp0EX,2.2635438442230225,0.6864010095596313,True,1,0.3753831386566162,,500,0.1,21,swish,ordinal_coral_weighted,512
64,0.001,1.0264558792114258,2.483384847640991,2.373239755630493,KP0GD,2.373239755630493,0.7259235382080078,False,2,0.3944184482097626,,500,0.1,21,swish,ordinal_coral_unweighted,16
32,0.001,1.0737215280532837,2.3124706745147705,2.1440072059631348,Ta8Jv,2.1440072059631348,0.7120503187179565,False,3,0.3807065784931183,,500,0.1,21,swish,ordinal_coral_weighted,512
128,0.01,1.0645265579223633,2.7853035926818848,,AoKsA,0.04937257245182991,0.7251169681549072,False,3,0.37473785877227783,0.04937257245182991,500,0.5,21,swish,ordinal_vanilla,512
32,0.0001,1.0316179990768433,2.564427137374878,2.026048183441162,Tfjwa,2.026048183441162,0.7259235382080078,False,1,0.3924826681613922,,500,0.5,21,swish,ordinal_coral_weighted,512
64,0.0001,1.0217777490615845,2.3792800903320312,,NjGxM,0.04567582160234451,0.7312469482421875,False,2,0.39103081822395325,0.04567582160234451,500,0.1,21,swish,ordinal_vanilla,512
64,0.0001,1.0146797895431519,2.32279372215271,,JkEYe,0.04553842917084694,0.7346346378326416,False,2,0.39474108815193176,0.04553842917084694,500,0.1,21,swish,ordinal_vanilla,256
64,0.001,1.032585859298706,2.409163475036621,2.03462290763855,X9qrm,2.03462290763855,0.7231811285018921,False,3,0.394257128238678,,500,0.1,21,swish,ordinal_coral_weighted,32
64,0.01,1.24100661277771,2.402935028076172,1.7252386808395386,IcpYP,1.7252386808395386,0.6410711407661438,True,1,0.39070817828178406,,500,0.1,21,swish,categorical_unsmoohted,512
32,0.01,1.081787347793579,2.788909435272217,,h97mr,0.05023525282740593,0.7044684886932373,False,2,0.38296499848365784,0.05023525282740593,500,0.5,21,swish,ordinal_vanilla,512
128,0.001,1.004032850265503,2.3089983463287354,,yczYv,0.04500039294362068,0.7343119978904724,True,1,0.40361347794532776,0.04500039294362068,500,0.1,21,swish,ordinal_vanilla,256
64,0.01,1.1132440567016602,2.484738826751709,,wQDPU,0.0509604848921299,0.6944668292999268,False,2,0.3813518285751343,0.0509604848921299,500,0.1,21,swish,ordinal_vanilla,256
64,0.001,1.0193579196929932,2.345486640930176,,TcRn7,0.04580290615558624,0.7312469482421875,False,2,0.39877399802207947,0.04580290615558624,500,0.1,21,swish,ordinal_vanilla,256
32,0.01,1.1201807260513306,2.493776559829712,2.2952911853790283,l4YCx,2.2952911853790283,0.6880142092704773,False,1,0.37828680872917175,,500,0.1,21,swish,ordinal_coral_weighted,512
128,0.01,1.060977578163147,2.5862386226654053,2.068108320236206,ZbSVV,2.068108320236206,0.7196322083473206,True,1,0.37393128871917725,,500,0.5,21,swish,ordinal_coral_weighted,128
32,0.001,1.0516211986541748,2.4864377975463867,2.4293627738952637,WACXx,2.4293627738952637,0.7218906283378601,False,2,0.38699790835380554,,500,0.1,21,swish,ordinal_coral_unweighted,256
64,0.0001,1.0224230289459229,2.5350658893585205,2.389192819595337,kw0D8,2.389192819595337,0.7268914580345154,False,2,0.3981287181377411,,500,0.5,21,swish,ordinal_coral_unweighted,512
128,0.0001,1.042910099029541,2.476224660873413,2.0673468112945557,k01OO,2.0673468112945557,0.7220519185066223,True,1,0.38183578848838806,,500,0.1,21,swish,ordinal_coral_weighted,256
64,0.001,1.0161316394805908,2.3266360759735107,,bmOCs,0.04524436593055725,0.7326987981796265,False,2,0.39522504806518555,0.04524436593055725,500,0.1,21,swish,ordinal_vanilla,64
32,0.001,1.0153250694274902,2.3491225242614746,2.3716111183166504,zGEDS,2.3716111183166504,0.7294725179672241,False,3,0.39570897817611694,,500,0.1,21,swish,ordinal_coral_unweighted,32
64,0.01,1.0574285984039307,2.388129711151123,,uqX75,0.047118134796619415,0.7220519185066223,False,1,0.38183578848838806,0.047118134796619415,500,0.1,21,swish,ordinal_vanilla,64
32,0.001,1.1524438858032227,2.7211668491363525,2.267289638519287,fFANq,2.267289638519287,0.6776899695396423,True,3,0.3849007785320282,,500,0.1,21,swish,ordinal_coral_weighted,512
128,0.001,1.123890995979309,2.4797821044921875,1.5408613681793213,CInmu,1.5408613681793213,0.6751089096069336,True,2,0.40861427783966064,,500,0.1,21,swish,categorical_unsmoohted,256
128,0.001,1.0096789598464966,2.35886549949646,,a9iqa,0.045248858630657196,0.7367317080497742,False,1,0.3979674279689789,0.045248858630657196,500,0.1,21,swish,ordinal_vanilla,256
32,0.001,1.0659784078598022,2.378725528717041,1.5106549263000488,sfhTj,1.5106549263000488,0.6931763291358948,False,3,0.4149056375026703,,500,0.1,21,swish,categorical_unsmoohted,32
128,0.01,1.0677528381347656,2.8843584060668945,2.1416914463043213,X8bet,2.1416914463043213,0.7114050388336182,True,3,0.3890950083732605,,500,0.5,21,swish,ordinal_coral_weighted,16
64,0.001,1.015163779258728,2.366373062133789,,Bf17V,0.04517437890172005,0.7306017279624939,True,2,0.3971608281135559,0.04517437890172005,500,0.5,21,swish,ordinal_vanilla,128
32,0.001,1.0111308097839355,2.3396382331848145,,oSGzn,0.04512929171323776,0.7349572777748108,True,1,0.39554765820503235,0.04512929171323776,500,0.1,21,swish,ordinal_vanilla,128
64,0.0001,1.0159703493118286,2.322913408279419,,zh9iL,0.045338764786720276,0.7322148680686951,True,2,0.3940958082675934,0.045338764786720276,500,0.1,21,swish,ordinal_vanilla,256
32,0.001,1.1055009365081787,2.5390210151672363,1.53680419921875,pY4SK,1.53680419921875,0.6815615296363831,True,2,0.4155508875846863,,500,0.5,21,swish,categorical_unsmoohted,512
32,0.001,1.015163779258728,2.3962562084198,,a28Z1,0.045696407556533813,0.7335054278373718,False,1,0.3986126780509949,0.045696407556533813,500,0.1,21,swish,ordinal_vanilla,256
128,0.001,1.1437329053878784,2.6437695026397705,1.8501394987106323,HXuFw,1.8501394987106323,0.6734957098960876,True,1,0.4045813977718353,,500,0.1,21,swish,categorical_smoothed,256
32,0.0001,1.1180835962295532,2.5346975326538086,1.8260505199432373,XFjEh,1.8260505199432373,0.6781738996505737,True,2,0.4094208776950836,,500,0.5,21,swish,categorical_smoothed,256
32,0.0001,1.0966285467147827,2.4860503673553467,1.518871784210205,zeoMN,1.518871784210205,0.6822068095207214,False,3,0.42006775736808777,,500,0.5,21,swish,categorical_unsmoohted,64
64,0.001,1.114211916923523,2.4440600872039795,1.5332473516464233,sQuXg,1.5332473516464233,0.6797870397567749,False,2,0.4110340476036072,,500,0.1,21,swish,categorical_unsmoohted,64
64,0.0001,1.03290855884552,2.5683069229125977,2.0424740314483643,MGu9N,2.0424740314483643,0.7217293381690979,True,3,0.3982900381088257,,500,0.5,21,swish,ordinal_coral_weighted,64
128,0.01,1.0630747079849243,2.2820520401000977,,iAguL,0.04780730605125427,0.7117276787757874,True,3,0.3889336884021759,0.04780730605125427,500,0.1,21,swish,ordinal_vanilla,256
32,0.001,1.010324239730835,2.345393657684326,,xbF8F,0.045387085527181625,0.7306017279624939,True,1,0.40006452798843384,0.045387085527181625,500,0.1,21,swish,ordinal_vanilla,256
64,0.0001,1.0988869667053223,2.655230760574341,,Hq6EW,0.048787470906972885,0.7012421488761902,False,3,0.3761897087097168,0.048787470906972885,500,0.5,21,swish,ordinal_vanilla,64
32,0.001,1.1124374866485596,2.5305182933807373,1.5823973417282104,HOWra,1.5823973417282104,0.6914018392562866,False,3,0.4028069078922272,,500,0.1,21,swish,categorical_unsmoohted,512
32,0.001,1.1509921550750732,2.6566109657287598,1.8443256616592407,O8M31,1.8443256616592407,0.6701080799102783,True,1,0.40393611788749695,,500,0.1,21,swish,categorical_smoothed,32
128,0.001,1.0616228580474854,2.441014051437378,2.1002399921417236,F0L1V,2.1002399921417236,0.7141474485397339,True,1,0.3807065784931183,,500,0.1,21,swish,ordinal_coral_weighted,256
32,0.001,1.0230681896209717,2.433511257171631,,fAIYD,0.04572344571352005,0.7256008982658386,False,2,0.4023229479789734,0.04572344571352005,500,0.5,21,swish,ordinal_vanilla,128
128,0.01,1.123890995979309,2.5891189575195312,2.372751235961914,MU20U,2.372751235961914,0.6859170794487,True,3,0.3940958082675934,,500,0.1,21,swish,ordinal_coral_weighted,256
128,0.001,1.0317792892456055,2.4247725009918213,,NnoUF,0.045831646770238876,0.7207614183425903,True,3,0.3961929380893707,0.045831646770238876,500,0.1,21,swish,ordinal_vanilla,256
64,0.0001,1.0179060697555542,2.3797760009765625,,SEZQv,0.045514848083257675,0.7310856580734253,False,3,0.3932892382144928,0.045514848083257675,500,0.1,21,swish,ordinal_vanilla,256
64,0.0001,1.0321019887924194,2.4022700786590576,2.422233819961548,WiLsF,2.422233819961548,0.7220519185066223,False,2,0.39006292819976807,,500,0.1,21,swish,ordinal_coral_unweighted,256
128,0.01,1.0474270582199097,2.492757558822632,,uNx6t,0.046720508486032486,0.7197934985160828,True,3,0.38748183846473694,0.046720508486032486,500,0.1,21,swish,ordinal_vanilla,64
128,0.0001,1.0125826597213745,2.3274478912353516,,pEeOb,0.045411840081214905,0.7315695881843567,False,3,0.3978061079978943,0.045411840081214905,500,0.1,21,swish,ordinal_vanilla,256
32,0.01,1.2911759614944458,3.2778093814849854,1.69080650806427,OY19q,1.69080650806427,0.6167123913764954,False,3,0.3894176483154297,,500,0.1,21,swish,categorical_unsmoohted,512
64,0.01,1.089046597480774,2.5913329124450684,2.1304876804351807,PAmdv,2.1304876804351807,0.7115663886070251,True,1,0.36973705887794495,,500,0.1,21,swish,ordinal_coral_weighted,32
64,0.0001,1.013227939605713,2.368804931640625,,BW0lk,0.0452369749546051,0.7328601479530334,True,1,0.3937731981277466,0.0452369749546051,500,0.5,21,swish,ordinal_vanilla,256
64,0.001,1.0153250694274902,2.290205240249634,,resM7,0.04531304910778999,0.7343119978904724,True,1,0.3890950083732605,0.04531304910778999,500,0.1,21,swish,ordinal_vanilla,256
32,0.01,1.0593644380569458,2.5299201011657715,,QnDk7,0.04726966470479965,0.711243748664856,True,3,0.37748023867607117,0.04726966470479965,500,0.1,21,swish,ordinal_vanilla,256
32,0.0001,1.1916438341140747,2.6241891384124756,1.5774526596069336,rDYEd,1.5774526596069336,0.6549443602561951,False,3,0.39570897817611694,,500,0.1,21,swish,categorical_unsmoohted,512
128,0.001,1.0022584199905396,2.303950071334839,,Hz4Ge,0.04486748203635216,0.7367317080497742,True,1,0.39877399802207947,0.04486748203635216,500,0.1,21,swish,ordinal_vanilla,128
128,0.01,1.126794695854187,2.418241500854492,2.6814229488372803,hv4hd,2.6814229488372803,0.6909179091453552,True,3,0.38183578848838806,,500,0.1,21,swish,ordinal_coral_unweighted,256
64,0.001,1.0217777490615845,2.276466131210327,,viqZu,0.045370813459157944,0.7317309379577637,True,1,0.38780447840690613,0.045370813459157944,500,0.1,21,swish,ordinal_vanilla,512
128,0.01,1.0722696781158447,2.823270082473755,2.457174062728882,w9ZCU,2.457174062728882,0.7043071389198303,True,2,0.3971608281135559,,500,0.5,21,swish,ordinal_coral_unweighted,64
32,0.0001,1.0204871892929077,2.396012306213379,,VcU1O,0.04530707746744156,0.7296338081359863,False,3,0.3934505581855774,0.04530707746744156,500,0.1,21,swish,ordinal_vanilla,32
32,0.0001,1.1069527864456177,2.491076707839966,1.8301090002059937,aF9QE,1.8301090002059937,0.6851105093955994,False,2,0.4111953675746918,,500,0.1,21,swish,categorical_smoothed,128
128,0.01,1.0433940887451172,2.549689531326294,,mtFbH,0.04657132551074028,0.7217293381690979,False,2,0.39135345816612244,0.04657132551074028,500,0.5,21,swish,ordinal_vanilla,32
32,0.001,1.0975964069366455,2.7335927486419678,,KXFle,0.04923472926020622,0.7055976986885071,False,2,0.3718341588973999,0.04923472926020622,500,0.5,21,swish,ordinal_vanilla,16
128,0.0001,1.02064847946167,2.465179920196533,2.0637245178222656,OVqvb,2.0637245178222656,0.7209227085113525,False,2,0.40442007780075073,,500,0.1,21,swish,ordinal_coral_weighted,128
64,0.01,1.0963058471679688,2.3945343494415283,,MLRNB,0.049542490392923355,0.690595269203186,True,1,0.3805452585220337,0.049542490392923355,500,0.1,21,swish,ordinal_vanilla,512
32,0.0001,1.0221003293991089,2.5399560928344727,2.3674492835998535,iZffP,2.3674492835998535,0.7259235382080078,True,1,0.39474108815193176,,500,0.1,21,swish,ordinal_coral_unweighted,128
32,0.001,1.126471996307373,2.465797185897827,1.5496517419815063,mJDaT,1.5496517419815063,0.6775286197662354,True,1,0.40861427783966064,,500,0.5,21,swish,categorical_unsmoohted,512
64,0.001,1.0227456092834473,2.276312828063965,,zCfGC,0.04567461460828781,0.7325375080108643,False,1,0.3881271183490753,0.04567461460828781,500,0.1,21,swish,ordinal_vanilla,512
64,0.0001,1.098402976989746,2.328235387802124,1.5218980312347412,mJrYo,1.5218980312347412,0.6857557892799377,False,3,0.41232457756996155,,500,0.1,21,swish,categorical_unsmoohted,128
32,0.01,1.1093724966049194,2.472165822982788,2.195441246032715,mJ5dE,2.195441246032715,0.6991450190544128,False,1,0.36634939908981323,,500,0.1,21,swish,ordinal_coral_weighted,128
64,0.001,1.0356509685516357,2.323979139328003,,AXoJb,0.04616212099790573,0.7217293381690979,False,2,0.3981287181377411,0.04616212099790573,500,0.1,21,swish,ordinal_vanilla,512
128,0.001,1.05355703830719,2.424112319946289,2.477827310562134,i6Z4n,2.477827310562134,0.7133408784866333,False,3,0.39070817828178406,,500,0.1,21,swish,ordinal_coral_unweighted,64
128,0.01,1.080496907234192,2.3776252269744873,,xYtTK,0.048529595136642456,0.7109211087226868,False,3,0.3840942084789276,0.048529595136642456,500,0.1,21,swish,ordinal_vanilla,256
64,0.01,1.2390707731246948,3.1652541160583496,1.862018346786499,cnhqP,1.862018346786499,0.6410711407661438,True,3,0.3966768980026245,,500,0.5,21,swish,categorical_smoothed,32
64,0.001,1.022584319114685,2.4349749088287354,,Emk7e,0.045665230602025986,0.7328601479530334,False,1,0.39054685831069946,0.045665230602025986,500,0.1,21,swish,ordinal_vanilla,16
64,0.001,1.0196806192398071,2.308290481567383,,hbTzw,0.04561784118413925,0.7312469482421875,False,1,0.3924826681613922,0.04561784118413925,500,0.1,21,swish,ordinal_vanilla,256
128,0.0001,1.1788997650146484,2.516568660736084,1.570235252380371,rFow3,1.570235252380371,0.6626875400543213,False,1,0.39925795793533325,,500,0.1,21,swish,categorical_unsmoohted,512
64,0.01,1.0695273876190186,2.7542197704315186,2.101196527481079,CJpd5,2.101196527481079,0.7162445783615112,False,1,0.3768349587917328,,500,0.5,21,swish,ordinal_coral_weighted,16
32,0.01,1.104210376739502,2.7850098609924316,2.5065200328826904,qdowd,2.5065200328826904,0.6854331493377686,True,3,0.3978061079978943,,500,0.5,21,swish,ordinal_coral_unweighted,32
128,0.0001,1.093886137008667,2.4628100395202637,1.5183454751968384,w8Gf4,1.5183454751968384,0.6860784292221069,True,2,0.4179706275463104,,500,0.1,21,swish,categorical_unsmoohted,32
32,0.001,1.038877248764038,2.3913605213165283,2.045008897781372,Tlugk,2.045008897781372,0.7235037684440613,False,3,0.39054685831069946,,500,0.1,21,swish,ordinal_coral_weighted,128
128,0.0001,1.1045329570770264,2.510662794113159,1.5254706144332886,lebnr,1.5254706144332886,0.6804323196411133,False,2,0.4152282774448395,,500,0.1,21,swish,categorical_unsmoohted,16
32,0.0001,1.1766413450241089,2.7520999908447266,1.8495780229568481,gBu2w,1.8495780229568481,0.6612356901168823,False,1,0.40393611788749695,,500,0.5,21,swish,categorical_smoothed,128
128,0.01,1.0537183284759521,2.3719654083251953,,uX9Ze,0.04719586670398712,0.7110824584960938,True,1,0.39538633823394775,0.04719586670398712,500,0.1,21,swish,ordinal_vanilla,256
32,0.0001,1.2103564739227295,2.707216262817383,1.5734959840774536,mHGXo,1.5734959840774536,0.6484916806221008,False,3,0.401032418012619,,500,0.5,21,swish,categorical_unsmoohted,512
32,0.001,1.0571060180664062,2.6793363094329834,2.4315943717956543,cizID,2.4315943717956543,0.717373788356781,False,1,0.38619130849838257,,500,0.5,21,swish,ordinal_coral_unweighted,16
32,0.001,1.0154863595962524,2.3655247688293457,,pDjp0,0.04580083116889,0.7312469482421875,False,1,0.40312954783439636,0.04580083116889,500,0.1,21,swish,ordinal_vanilla,512
128,0.01,1.0592031478881836,2.5509183406829834,2.08236026763916,R5efy,2.08236026763916,0.7214066982269287,False,1,0.38296499848365784,,500,0.1,21,swish,ordinal_coral_weighted,16
32,0.01,1.2826262712478638,3.207132577896118,1.8543212413787842,A2det,1.8543212413787842,0.6262300610542297,True,2,0.3929665982723236,,500,0.5,21,swish,categorical_smoothed,16
128,0.0001,1.148572325706482,2.5887563228607178,1.548439383506775,K5CHZ,1.548439383506775,0.6683335900306702,False,1,0.4045813977718353,,500,0.1,21,swish,categorical_unsmoohted,32
64,0.0001,1.0219390392303467,2.379692554473877,,ZbeFT,0.045607101172208786,0.7297951579093933,False,2,0.392805278301239,0.045607101172208786,500,0.5,21,swish,ordinal_vanilla,256
128,0.001,1.022261619567871,2.441621780395508,,fv7bF,0.04554182291030884,0.7307630181312561,True,1,0.39103081822395325,0.04554182291030884,500,0.1,21,swish,ordinal_vanilla,16
64,0.0001,1.095337986946106,2.575686454772949,1.8118476867675781,abhOk,1.8118476867675781,0.6841425895690918,False,3,0.4176480174064636,,500,0.5,21,swish,categorical_smoothed,64
128,0.01,1.0475883483886719,2.7218568325042725,2.4542057514190674,F18jg,2.4542057514190674,0.7176964282989502,True,2,0.394257128238678,,500,0.5,21,swish,ordinal_coral_unweighted,32
64,0.001,1.1276012659072876,2.5054256916046143,1.8515766859054565,RYpc1,1.8515766859054565,0.6783351898193359,False,3,0.4013550579547882,,500,0.1,21,swish,categorical_smoothed,512
64,0.01,1.0709792375564575,2.2276599407196045,,EJcW9,0.04840308800339699,0.7102758288383484,False,3,0.3894176483154297,0.04840308800339699,500,0.1,21,swish,ordinal_vanilla,128
64,0.0001,1.0885627269744873,2.5309340953826904,1.811497449874878,DSJi6,1.811497449874878,0.6875302195549011,True,3,0.41587352752685547,,500,0.5,21,swish,categorical_smoothed,64
64,0.01,1.066946268081665,2.345759630203247,,OTTWL,0.04836506396532059,0.7138248085975647,False,1,0.3845781683921814,0.04836506396532059,500,0.1,21,swish,ordinal_vanilla,128
32,0.01,2.2555251121520996,5.176470756530762,1.9751996994018555,HQaet,1.9751996994018555,0.45039522647857666,False,3,0.33021456003189087,,500,0.5,21,swish,categorical_unsmoohted,512
128,0.0001,1.1424423456192017,2.714031934738159,1.85015070438385,sAAaj,1.85015070438385,0.6722052097320557,True,1,0.40813034772872925,,500,0.1,21,swish,categorical_smoothed,512
64,0.01,1.071301817893982,2.73134183883667,2.1039960384368896,UqhYt,2.1039960384368896,0.7030166387557983,False,3,0.40006452798843384,,500,0.5,21,swish,ordinal_coral_weighted,64
128,0.0001,1.0261332988739014,2.3876826763153076,,SbfPw,0.0458400696516037,0.7283433079719543,False,1,0.3932892382144928,0.0458400696516037,500,0.5,21,swish,ordinal_vanilla,256
128,0.01,1.0956605672836304,2.3154075145721436,,gWvtv,0.049729444086551666,0.7062429189682007,True,2,0.3811905086040497,0.049729444086551666,500,0.1,21,swish,ordinal_vanilla,256
128,0.0001,1.1940635442733765,2.6849801540374756,1.8645105361938477,q9dwP,1.8645105361938477,0.657686710357666,False,3,0.39570897817611694,,500,0.1,21,swish,categorical_smoothed,512
32,0.001,1.021132469177246,2.405719757080078,2.00582218170166,g4KxG,2.00582218170166,0.724632978439331,True,2,0.39958056807518005,,500,0.1,21,swish,ordinal_coral_weighted,64
128,0.001,1.1258267164230347,2.713993549346924,1.8216712474822998,RPKod,1.8216712474822998,0.6733344197273254,False,3,0.411356657743454,,500,0.5,21,swish,categorical_smoothed,32
64,0.001,1.2311663627624512,2.998500108718872,1.8630739450454712,Tfdl4,1.8630739450454712,0.6420390605926514,False,3,0.4005484879016876,,500,0.5,21,swish,categorical_smoothed,16
64,0.01,1.1606711149215698,2.6844141483306885,1.8356475830078125,djI4m,1.8356475830078125,0.6622036099433899,False,2,0.4073237478733063,,500,0.5,21,swish,categorical_smoothed,64
64,0.001,1.173737645149231,2.7151737213134766,1.5451769828796387,qUYND,1.5451769828796387,0.6559122204780579,True,2,0.4061945378780365,,500,0.5,21,swish,categorical_unsmoohted,16
128,0.001,1.0135505199432373,2.3740546703338623,,ZGvNY,0.044964831322431564,0.7339893579483032,True,1,0.392805278301239,0.044964831322431564,500,0.5,21,swish,ordinal_vanilla,128
128,0.01,1.0362961292266846,2.5610032081604004,2.411674976348877,IpwKk,2.411674976348877,0.7228585481643677,False,1,0.3940958082675934,,500,0.5,21,swish,ordinal_coral_unweighted,32
64,0.001,1.1132440567016602,2.5476088523864746,1.5249799489974976,x7FcG,1.5249799489974976,0.6751089096069336,False,3,0.41313114762306213,,500,0.5,21,swish,categorical_unsmoohted,256
32,0.001,1.032585859298706,2.4110536575317383,,TnKhj,0.045789171010255814,0.7152766585350037,True,3,0.4016776978969574,0.045789171010255814,500,0.1,21,swish,ordinal_vanilla,256
128,0.001,1.0127439498901367,2.2969324588775635,,keJHB,0.04530075937509537,0.7339893579483032,False,1,0.3973221480846405,0.04530075937509537,500,0.1,21,swish,ordinal_vanilla,512
128,0.0001,1.2603645324707031,2.837747812271118,1.8688470125198364,CMFk3,1.8688470125198364,0.6341345310211182,False,3,0.3939345180988312,,500,0.5,21,swish,categorical_smoothed,32
32,0.0001,1.0296821594238281,2.557422399520874,2.0263702869415283,Sy69e,2.0263702869415283,0.7257622480392456,False,1,0.393611878156662,,500,0.5,21,swish,ordinal_coral_weighted,256
64,0.001,1.051782488822937,2.5005743503570557,2.077540159225464,L7kmM,2.077540159225464,0.7168897986412048,False,1,0.39070817828178406,,500,0.1,21,swish,ordinal_coral_weighted,512
64,0.001,1.1169543266296387,2.6785688400268555,1.8179829120635986,HnbYC,1.8179829120635986,0.677044689655304,False,3,0.41167929768562317,,500,0.5,21,swish,categorical_smoothed,32
64,0.01,1.0750120878219604,2.5529556274414062,,kgLrS,0.04812481254339218,0.7010807991027832,False,2,0.3795773386955261,0.04812481254339218,500,0.1,21,swish,ordinal_vanilla,128
64,0.01,1.1301822662353516,2.592343330383301,1.8451590538024902,bkzxh,1.8451590538024902,0.6712372899055481,True,3,0.4013550579547882,,500,0.1,21,swish,categorical_smoothed,64
64,0.001,1.0853363275527954,2.501060724258423,2.178345203399658,WVd9P,2.178345203399658,0.7038232088088989,True,3,0.39054685831069946,,500,0.1,21,swish,ordinal_coral_weighted,256
64,0.001,1.1017906665802002,2.4615087509155273,2.6276392936706543,NT3N3,2.6276392936706543,0.6978545188903809,False,3,0.3850620985031128,,500,0.1,21,swish,ordinal_coral_unweighted,512
64,0.001,1.0232295989990234,2.5520260334014893,2.3558385372161865,wAhRs,2.3558385372161865,0.7301177382469177,True,1,0.38715922832489014,,500,0.5,21,swish,ordinal_coral_unweighted,64
128,0.01,1.031134009361267,2.555936098098755,,beb6U,0.04599922522902489,0.7278593182563782,True,2,0.3850620985031128,0.04599922522902489,500,0.5,21,swish,ordinal_vanilla,32
32,0.01,1.236167073249817,2.52654767036438,1.938809871673584,mWNPP,1.938809871673584,0.6463945508003235,True,1,0.3895789682865143,,500,0.1,21,swish,categorical_smoothed,128
32,0.01,1.1479270458221436,2.51615047454834,1.59764564037323,z1FSJ,1.59764564037323,0.660590410232544,True,2,0.400387167930603,,500,0.1,21,swish,categorical_unsmoohted,128
32,0.0001,1.0888853073120117,2.381375312805176,1.5153015851974487,eJf3x,1.5153015851974487,0.6859170794487,True,2,0.42168092727661133,,500,0.1,21,swish,categorical_unsmoohted,16
32,0.001,1.0146797895431519,2.3419833183288574,,SljWu,0.04531203582882881,0.7318922281265259,False,2,0.39506372809410095,0.04531203582882881,500,0.1,21,swish,ordinal_vanilla,64
64,0.0001,1.1664785146713257,2.710172653198242,1.8548617362976074,SSK58,1.8548617362976074,0.6662364602088928,False,1,0.402484267950058,,500,0.1,21,swish,categorical_smoothed,128
32,0.001,1.074366807937622,2.5672688484191895,2.4885406494140625,kKiuy,2.4885406494140625,0.7067269086837769,True,2,0.39457976818084717,,500,0.1,21,swish,ordinal_coral_unweighted,512
32,0.0001,1.0233908891677856,2.485386610031128,2.007756471633911,XEkU8,2.007756471633911,0.7265688180923462,False,2,0.3973221480846405,,500,0.1,21,swish,ordinal_coral_weighted,16
64,0.001,1.0475883483886719,2.3447442054748535,2.077594518661499,BDPtg,2.077594518661499,0.7160832285881042,True,2,0.39490240812301636,,500,0.1,21,swish,ordinal_coral_weighted,128
128,0.01,1.144216775894165,2.3080251216888428,1.856347918510437,QjcuP,1.856347918510437,0.6762381196022034,True,3,0.4008710980415344,,500,0.1,21,swish,categorical_smoothed,256
128,0.0001,1.124536156654358,2.5443427562713623,1.8226962089538574,jeFRC,1.8226962089538574,0.6762381196022034,False,2,0.4115179777145386,,500,0.1,21,swish,categorical_smoothed,32
64,0.0001,1.0277464389801025,2.497812509536743,2.0368642807006836,BhTCF,2.0368642807006836,0.7223745584487915,True,3,0.4011937379837036,,500,0.5,21,swish,ordinal_coral_weighted,512
64,0.001,1.0056461095809937,2.343395233154297,,PJd7u,0.04473063349723816,0.7360864877700806,True,1,0.392805278301239,0.04473063349723816,500,0.5,21,swish,ordinal_vanilla,256
64,0.001,1.0303274393081665,2.499661445617676,2.406454563140869,Ceid9,2.406454563140869,0.7220519185066223,False,1,0.3981287181377411,,500,0.1,21,swish,ordinal_coral_unweighted,64
64,0.0001,1.0253266096115112,2.4956884384155273,2.013301134109497,IpNQ4,2.013301134109497,0.7251169681549072,False,2,0.3979674279689789,,500,0.1,21,swish,ordinal_coral_weighted,16
64,0.001,1.0188740491867065,2.4345338344573975,,VfVJe,0.04533303156495094,0.7310856580734253,True,3,0.3971608281135559,0.04533303156495094,500,0.1,21,swish,ordinal_vanilla,16
128,0.001,1.137118935585022,2.5066308975219727,1.5441102981567383,br91A,1.5441102981567383,0.6730117797851562,False,3,0.4063558578491211,,500,0.1,21,swish,categorical_unsmoohted,256
64,0.01,1.0464590787887573,2.3916139602661133,,yZN0G,0.047092221677303314,0.7286658883094788,False,3,0.3731246888637543,0.047092221677303314,500,0.1,21,swish,ordinal_vanilla,32
32,0.0001,1.0559767484664917,2.7061545848846436,2.084826946258545,IbjLT,2.084826946258545,0.7130182385444641,True,3,0.3974834680557251,,500,0.5,21,swish,ordinal_coral_weighted,32
64,0.01,1.1687369346618652,2.7243289947509766,3.6513500213623047,uPXnH,3.6513500213623047,0.6754315495491028,True,3,0.3802226185798645,,500,0.1,21,swish,ordinal_coral_unweighted,256
64,0.01,1.7302790880203247,4.285420894622803,13.305968284606934,wVD0A,13.305968284606934,0.4997580349445343,False,3,0.15083077549934387,,500,0.5,21,swish,ordinal_coral_weighted,256
32,0.0001,1.1134053468704224,2.758573532104492,,Z8GdZ,0.04975081980228424,0.6952734589576721,False,3,0.3755444288253784,0.04975081980228424,500,0.5,21,swish,ordinal_vanilla,32
32,0.0001,1.106791377067566,2.3875136375427246,1.5331517457962036,ktqHk,1.5331517457962036,0.6838199496269226,False,3,0.40764638781547546,,500,0.1,21,swish,categorical_unsmoohted,256
128,0.01,1.038877248764038,2.521827220916748,,D7mjm,0.04593915119767189,0.7207614183425903,True,2,0.394257128238678,0.04593915119767189,500,0.1,21,swish,ordinal_vanilla,16
128,0.01,1.151637315750122,2.2325291633605957,1.5796778202056885,PLyY3,1.5796778202056885,0.6691401600837708,True,3,0.3968381881713867,,500,0.1,21,swish,categorical_unsmoohted,256
64,0.0001,1.0196806192398071,2.3862993717193604,,q7pJa,0.04538092762231827,0.7312469482421875,False,3,0.3931279182434082,0.04538092762231827,500,0.1,21,swish,ordinal_vanilla,128
128,0.01,1.230682373046875,3.013413906097412,1.848344087600708,OTDbt,1.848344087600708,0.6370382308959961,True,3,0.3982900381088257,,500,0.5,21,swish,categorical_smoothed,16
32,0.001,1.042910099029541,2.5827226638793945,,UGs56,0.04636148735880852,0.7197934985160828,False,1,0.3889336884021759,0.04636148735880852,500,0.5,21,swish,ordinal_vanilla,16
128,0.0001,1.0359735488891602,2.4885730743408203,2.097399950027466,q6AMS,2.097399950027466,0.7194708585739136,False,3,0.40006452798843384,,500,0.1,21,swish,ordinal_coral_weighted,128
32,0.0001,1.0227456092834473,2.355259895324707,,bgk6V,0.04542076587677002,0.7310856580734253,True,2,0.39038553833961487,0.04542076587677002,500,0.5,21,swish,ordinal_vanilla,256
64,0.01,1.0364575386047363,2.390552043914795,,g5wru,0.04625389724969864,0.7302790880203247,True,3,0.38215839862823486,0.04625389724969864,500,0.1,21,swish,ordinal_vanilla,32
32,0.0001,1.0306501388549805,2.4909744262695312,2.0149662494659424,eTj4U,2.0149662494659424,0.7286658883094788,False,2,0.3894176483154297,,500,0.5,21,swish,ordinal_coral_weighted,128
64,0.0001,1.105339527130127,2.423335075378418,1.8182480335235596,FTQ30,1.8182480335235596,0.6823680996894836,False,3,0.409259557723999,,500,0.1,21,swish,categorical_smoothed,128
64,0.01,1.083561897277832,2.3064327239990234,,AJ24N,0.04837901145219803,0.7175350785255432,False,3,0.3715115487575531,0.04837901145219803,500,0.1,21,swish,ordinal_vanilla,64
128,0.001,1.019519329071045,2.3995261192321777,,g6UHo,0.04557070881128311,0.7257622480392456,False,2,0.3974834680557251,0.04557070881128311,500,0.5,21,swish,ordinal_vanilla,64
32,0.001,1.1019519567489624,2.404604911804199,1.5259062051773071,fJoqX,1.5259062051773071,0.6864010095596313,True,2,0.41216325759887695,,500,0.1,21,swish,categorical_unsmoohted,64
32,0.0001,1.1045329570770264,2.5149762630462646,1.8166238069534302,N8Es5,1.8166238069534302,0.6826907396316528,False,3,0.4115179777145386,,500,0.5,21,swish,categorical_smoothed,256
64,0.01,1.0880787372589111,2.589606523513794,2.53741192817688,mIDSr,2.53741192817688,0.7052750587463379,False,2,0.38361024856567383,,500,0.1,21,swish,ordinal_coral_unweighted,64
128,0.0001,1.1032425165176392,2.721362590789795,,Em4Xa,0.04938782751560211,0.7017260789871216,True,2,0.36957573890686035,0.04938782751560211,500,0.5,21,swish,ordinal_vanilla,16
64,0.01,1.1019519567489624,2.8270609378814697,2.1280059814453125,nja25,2.1280059814453125,0.6914018392562866,False,3,0.3982900381088257,,500,0.5,21,swish,ordinal_coral_weighted,32
64,0.01,1.0843684673309326,2.6337451934814453,2.5309691429138184,PTSpq,2.5309691429138184,0.7049524188041687,True,3,0.3881271183490753,,500,0.1,21,swish,ordinal_coral_unweighted,32
32,0.01,1.047265648841858,2.444976329803467,,rNOlr,0.046854179352521896,0.7304403781890869,True,1,0.37441521883010864,0.046854179352521896,500,0.1,21,swish,ordinal_vanilla,16
128,0.01,1.1029198169708252,2.2403950691223145,,aRcl2,0.050202876329422,0.7067269086837769,False,2,0.3798999786376953,0.050202876329422,500,0.1,21,swish,ordinal_vanilla,256
32,0.01,1.190675973892212,2.7159552574157715,1.883385181427002,WS9ww,1.883385181427002,0.6505888104438782,True,2,0.40425875782966614,,500,0.1,21,swish,categorical_smoothed,256
64,0.01,1.0688821077346802,2.5506672859191895,2.473482847213745,GRKwP,2.473482847213745,0.7151153683662415,True,1,0.37360864877700806,,500,0.5,21,swish,ordinal_coral_unweighted,256
128,0.001,1.0185513496398926,2.3303768634796143,,XO39S,0.04566540941596031,0.7325375080108643,False,2,0.3961929380893707,0.04566540941596031,500,0.1,21,swish,ordinal_vanilla,256
128,0.01,1.0387159585952759,2.5962493419647217,,C8DCE,0.04760555177927017,0.7285045981407166,False,2,0.3892563283443451,0.04760555177927017,500,0.5,21,swish,ordinal_vanilla,512
64,0.001,1.03290855884552,2.484747886657715,,VbuV9,0.04603644460439682,0.7249556183815002,False,1,0.39522504806518555,0.04603644460439682,500,0.5,21,swish,ordinal_vanilla,32
64,0.01,1.1005001068115234,2.563624382019043,2.1738970279693604,JgbFN,2.1738970279693604,0.7014034390449524,False,3,0.3844168484210968,,500,0.1,21,swish,ordinal_coral_weighted,128
128,0.0001,1.164865255355835,2.7364792823791504,1.8530374765396118,Cmt6g,1.8530374765396118,0.6657525300979614,True,1,0.402484267950058,,500,0.5,21,swish,categorical_smoothed,512
128,0.001,1.0172607898712158,2.407693862915039,,yoemn,0.04530017822980881,0.7338280081748962,False,1,0.3923213481903076,0.04530017822980881,500,0.1,21,swish,ordinal_vanilla,32
32,0.0001,1.0351669788360596,2.462135076522827,,M5Bms,0.04617884010076523,0.7233424782752991,True,1,0.39038553833961487,0.04617884010076523,500,0.5,21,swish,ordinal_vanilla,32
32,0.0001,1.0238747596740723,2.548928737640381,2.0017335414886475,hq7mv,2.0017335414886475,0.7294725179672241,True,1,0.3924826681613922,,500,0.5,21,swish,ordinal_coral_weighted,512
32,0.001,1.0459752082824707,2.4385087490081787,2.428731918334961,GjngA,2.428731918334961,0.7152766585350037,True,2,0.3944184482097626,,500,0.1,21,swish,ordinal_coral_unweighted,256
32,0.0001,1.2476205825805664,2.8852620124816895,1.8654929399490356,JjLVA,1.8654929399490356,0.6415550708770752,False,1,0.4016776978969574,,500,0.5,21,swish,categorical_smoothed,16
128,0.0001,1.2797225713729858,2.8674113750457764,1.6036248207092285,g9bPj,1.6036248207092285,0.6259074211120605,False,3,0.393611878156662,,500,0.5,21,swish,categorical_unsmoohted,16
32,0.01,1.0524277687072754,2.599052906036377,,AsMCv,0.047854114323854446,0.7162445783615112,False,3,0.39070817828178406,0.047854114323854446,500,0.1,21,swish,ordinal_vanilla,128
64,0.0001,1.0371026992797852,2.5491018295288086,2.0390517711639404,sNS0Y,2.0390517711639404,0.7256008982658386,False,2,0.3884497582912445,,500,0.5,21,swish,ordinal_coral_weighted,64
64,0.0001,1.0406516790390015,2.5499513149261475,2.3985438346862793,B9NmY,2.3985438346862793,0.7230198383331299,False,2,0.3881271183490753,,500,0.5,21,swish,ordinal_coral_unweighted,64
32,0.001,1.120503306388855,2.4243290424346924,1.5323212146759033,xC7K3,1.5323212146759033,0.6773673295974731,False,2,0.40780770778656006,,500,0.1,21,swish,categorical_unsmoohted,64
32,0.01,1.201161503791809,2.3913934230804443,1.5999627113342285,oZ2ni,1.5999627113342285,0.6528472304344177,False,2,0.3979674279689789,,500,0.1,21,swish,categorical_unsmoohted,64
64,0.01,1.111308217048645,2.5475027561187744,2.5698766708374023,Zsdvd,2.5698766708374023,0.6955960392951965,True,1,0.37409260869026184,,500,0.1,21,swish,ordinal_coral_unweighted,64
32,0.001,1.081626057624817,2.4757614135742188,1.5205787420272827,Q5dGk,1.5205787420272827,0.6880142092704773,True,3,0.4153895676136017,,500,0.5,21,swish,categorical_unsmoohted,32
64,0.01,1.1158251762390137,2.4197640419006348,2.588330030441284,pAvad,2.588330030441284,0.6957573890686035,True,1,0.3671559989452362,,500,0.1,21,swish,ordinal_coral_unweighted,512
128,0.01,2.257138252258301,5.1767578125,3.586350917816162,MTdGf,3.586350917816162,0.45023390650749207,False,3,0.3300532400608063,,500,0.5,21,swish,categorical_smoothed,512
128,0.01,1.0993708372116089,2.4813554286956787,2.5941765308380127,MRiSg,2.5941765308380127,0.6984997391700745,False,3,0.38683658838272095,,500,0.1,21,swish,ordinal_coral_unweighted,64
128,0.01,1.1417970657348633,2.458192825317383,1.60612154006958,qC3gt,1.60612154006958,0.6747862696647644,False,3,0.3937731981277466,,500,0.1,21,swish,categorical_unsmoohted,256
64,0.01,1.0533957481384277,2.603173017501831,,BWOXJ,0.04693698137998581,0.7147927284240723,False,1,0.39167606830596924,0.04693698137998581,500,0.5,21,swish,ordinal_vanilla,16
32,0.01,1.1208258867263794,2.546450614929199,2.5533246994018555,u8vnr,2.5533246994018555,0.691885769367218,True,3,0.383287638425827,,500,0.1,21,swish,ordinal_coral_unweighted,512
64,0.0001,1.0154863595962524,2.3253085613250732,,g5PW4,0.04506421834230423,0.7352798581123352,True,3,0.3881271183490753,0.04506421834230423,500,0.1,21,swish,ordinal_vanilla,256
128,0.01,1.034360408782959,2.5008130073547363,,XqSqk,0.0460992306470871,0.720116138458252,False,2,0.400387167930603,0.0460992306470871,500,0.1,21,swish,ordinal_vanilla,16
32,0.01,1.2264881134033203,2.652658224105835,1.8897180557250977,zR9CI,1.8897180557250977,0.6472011804580688,True,1,0.3976447880268097,,500,0.1,21,swish,categorical_smoothed,64
64,0.01,1.1313115358352661,2.6078009605407715,2.250438928604126,P6zqI,2.250438928604126,0.683174729347229,True,3,0.3926439881324768,,500,0.1,21,swish,ordinal_coral_weighted,128
128,0.001,1.038877248764038,2.488178253173828,2.4125566482543945,IPpPl,2.4125566482543945,0.7220519185066223,False,1,0.39119213819503784,,500,0.1,21,swish,ordinal_coral_unweighted,32
32,0.01,1.2643975019454956,3.1724965572357178,1.8583834171295166,ir2ph,1.8583834171295166,0.633973240852356,True,2,0.393611878156662,,500,0.5,21,swish,categorical_smoothed,128
128,0.01,1.1432489156723022,2.676302433013916,1.59780752658844,qPHbE,1.59780752658844,0.6691401600837708,True,2,0.39570897817611694,,500,0.1,21,swish,categorical_unsmoohted,256
64,0.01,1.1132440567016602,2.484738826751709,,zV6WU,0.0509604848921299,0.6944668292999268,False,2,0.3813518285751343,0.0509604848921299,500,0.1,21,swish,ordinal_vanilla,256
32,0.001,1.029520869255066,2.55694842338562,2.0184051990509033,CPUQH,2.0184051990509033,0.7238264083862305,True,3,0.3969995081424713,,500,0.5,21,swish,ordinal_coral_weighted,64
32,0.01,1.0980802774429321,2.317233085632324,,ZnSXr,0.05030514672398567,0.6967252492904663,False,1,0.38732054829597473,0.05030514672398567,500,0.1,21,swish,ordinal_vanilla,256
64,0.0001,1.015163779258728,2.3428049087524414,,gaUH5,0.04561823979020119,0.7297951579093933,False,1,0.39974188804626465,0.04561823979020119,500,0.1,21,swish,ordinal_vanilla,512
64,0.01,1.158896565437317,3.179394483566284,1.5772323608398438,XJ7MH,1.5772323608398438,0.6668817400932312,True,3,0.39877399802207947,,500,0.5,21,swish,categorical_unsmoohted,128
128,0.01,1.0377479791641235,2.6370298862457275,,MW6ri,0.046442773193120956,0.7206000685691833,True,1,0.3979674279689789,0.046442773193120956,500,0.5,21,swish,ordinal_vanilla,16
32,0.001,1.1058235168457031,2.638054609298706,1.8127108812332153,jzR7V,1.8127108812332153,0.6825294494628906,False,2,0.41248589754104614,,500,0.5,21,swish,categorical_smoothed,64
32,0.0001,1.0053234100341797,2.350058078765869,,dUqet,0.04528119042515755,0.7380222678184509,False,1,0.39909663796424866,0.04528119042515755,500,0.1,21,swish,ordinal_vanilla,256
128,0.01,1.0522664785385132,2.634239673614502,,V3PZx,0.046839628368616104,0.7257622480392456,False,2,0.3752218186855316,0.046839628368616104,500,0.5,21,swish,ordinal_vanilla,256
64,0.01,1.1693822145462036,2.6540651321411133,1.8872870206832886,dQXcQ,1.8872870206832886,0.6634941101074219,False,1,0.4021616280078888,,500,0.1,21,swish,categorical_smoothed,64
64,0.01,1.8344894647598267,4.470588207244873,,z7tog,0.11465559154748917,0.4023229479789734,True,3,0.14679786562919617,0.11465559154748917,500,0.1,21,swish,ordinal_vanilla,512
128,0.001,1.150024175643921,2.6352217197418213,1.8533554077148438,xU8IW,1.8533554077148438,0.6715599298477173,True,1,0.4008710980415344,,500,0.1,21,swish,categorical_smoothed,128
32,0.01,1.0671075582504272,2.427072525024414,2.469266414642334,DNeo6,2.469266414642334,0.7180190086364746,True,2,0.3679625689983368,,500,0.1,21,swish,ordinal_coral_unweighted,512
128,0.0001,1.0916277170181274,2.4164915084838867,1.5171561241149902,TFRxv,1.5171561241149902,0.6870462894439697,False,3,0.4153895676136017,,500,0.1,21,swish,categorical_unsmoohted,64
128,0.01,1.1655105352401733,2.4010560512542725,1.6019328832626343,R4vpy,1.6019328832626343,0.6672043800354004,False,1,0.39877399802207947,,500,0.1,21,swish,categorical_unsmoohted,128
64,0.001,1.125342845916748,2.4530811309814453,1.5566915273666382,MQLVI,1.5566915273666382,0.6820455193519592,True,1,0.4073237478733063,,500,0.1,21,swish,categorical_unsmoohted,512
64,0.001,1.0258105993270874,2.3566927909851074,,p2bJL,0.04564492031931877,0.726246178150177,False,3,0.3931279182434082,0.04564492031931877,500,0.1,21,swish,ordinal_vanilla,16
128,0.001,1.0663009881973267,2.5025622844696045,2.5082502365112305,AdkQt,2.5082502365112305,0.7130182385444641,False,2,0.3879657983779907,,500,0.1,21,swish,ordinal_coral_unweighted,128
64,0.0001,1.098402976989746,2.785181999206543,2.55305814743042,V5Q8z,2.55305814743042,0.6996289491653442,False,3,0.3840942084789276,,500,0.5,21,swish,ordinal_coral_unweighted,32
128,0.0001,1.024036169052124,2.496472120285034,2.0347511768341064,jmRcs,2.0347511768341064,0.7259235382080078,True,1,0.394257128238678,,500,0.1,21,swish,ordinal_coral_weighted,32
64,0.01,1.2863365411758423,3.2757647037506104,1.859609842300415,Ts6CC,1.859609842300415,0.6244555711746216,False,3,0.3965155780315399,,500,0.5,21,swish,categorical_smoothed,16
64,0.0001,1.067268967628479,2.4471726417541504,2.2059953212738037,GqM0Y,2.2059953212738037,0.7139860987663269,False,3,0.3897402882575989,,500,0.1,21,swish,ordinal_coral_weighted,512
128,0.0001,1.2782707214355469,2.892988443374634,1.8697878122329712,LM0i7,1.8697878122329712,0.6276819109916687,True,2,0.394257128238678,,500,0.5,21,swish,categorical_smoothed,16
128,0.01,1.0377479791641235,2.678647994995117,,lYKbF,0.04670621454715729,0.735118567943573,False,3,0.37005969882011414,0.04670621454715729,500,0.5,21,swish,ordinal_vanilla,128
32,0.01,1.066946268081665,2.4382076263427734,,KlJpb,0.04748348891735077,0.7101145386695862,True,3,0.3810291886329651,0.04748348891735077,500,0.1,21,swish,ordinal_vanilla,128
64,0.01,1.1095337867736816,2.2899584770202637,,XJKpJ,0.05014248192310333,0.6965639591217041,True,3,0.3811905086040497,0.05014248192310333,500,0.1,21,swish,ordinal_vanilla,128
64,0.001,1.0575898885726929,2.3444933891296387,1.5040733814239502,f7SNI,1.5040733814239502,0.6939828991889954,True,3,0.41684141755104065,,500,0.1,21,swish,categorical_unsmoohted,16
128,0.001,1.0467817783355713,2.5094568729400635,2.4468419551849365,AhzfC,2.4468419551849365,0.7183416485786438,False,1,0.38732054829597473,,500,0.1,21,swish,ordinal_coral_unweighted,64
32,0.0001,1.0362961292266846,2.5680816173553467,2.391228437423706,sGLUA,2.391228437423706,0.7238264083862305,False,2,0.39151474833488464,,500,0.5,21,swish,ordinal_coral_unweighted,64
64,0.01,1.2342313528060913,2.623626470565796,1.5867595672607422,mR5oN,1.5867595672607422,0.6405872106552124,False,3,0.40329086780548096,,500,0.1,21,swish,categorical_unsmoohted,256
64,0.01,1.2493950128555298,2.601731538772583,1.8860098123550415,qa0H0,1.8860098123550415,0.6433295607566833,False,3,0.4011937379837036,,500,0.1,21,swish,categorical_smoothed,128
32,0.001,1.10098397731781,2.573322057723999,1.5197699069976807,IIJkk,1.5197699069976807,0.683013379573822,False,2,0.4199064373970032,,500,0.5,21,swish,categorical_unsmoohted,32
128,0.0001,1.0974351167678833,2.474271297454834,1.8133379220962524,Yslte,1.8133379220962524,0.6855944395065308,True,3,0.411356657743454,,500,0.5,21,swish,categorical_smoothed,256
128,0.0001,1.0837231874465942,2.75406813621521,2.5335381031036377,NaymT,2.5335381031036377,0.7065655589103699,False,1,0.38231971859931946,,500,0.5,21,swish,ordinal_coral_unweighted,16
64,0.01,1.1167930364608765,2.8172481060028076,2.177903175354004,cKEKs,2.177903175354004,0.6851105093955994,True,3,0.3963542580604553,,500,0.5,21,swish,ordinal_coral_weighted,64
32,0.0001,1.0382319688796997,2.615060806274414,2.3929476737976074,uIwiU,2.3929476737976074,0.7235037684440613,True,1,0.3890950083732605,,500,0.5,21,swish,ordinal_coral_unweighted,64
64,0.01,1.119051456451416,2.857884168624878,2.2513985633850098,OnsOJ,2.2513985633850098,0.7139860987663269,True,3,0.34328117966651917,,500,0.5,21,swish,ordinal_coral_weighted,128
128,0.001,1.0188740491867065,2.5408613681793213,1.994704246520996,Gqa2u,1.994704246520996,0.7299564480781555,True,1,0.39135345816612244,,500,0.5,21,swish,ordinal_coral_weighted,64
64,0.0001,1.105339527130127,2.423335075378418,1.8182480335235596,XK3dr,1.8182480335235596,0.6823680996894836,False,3,0.409259557723999,,500,0.1,21,swish,categorical_smoothed,128
128,0.0001,1.0125826597213745,2.3274478912353516,,QCGMi,0.045411840081214905,0.7315695881843567,False,3,0.3978061079978943,0.045411840081214905,500,0.1,21,swish,ordinal_vanilla,256
128,0.001,1.1377640962600708,2.6544644832611084,1.8411141633987427,PHaDD,1.8411141633987427,0.6712372899055481,True,1,0.40845298767089844,,500,0.5,21,swish,categorical_smoothed,256
32,0.01,1.1630908250808716,2.6265976428985596,1.5533654689788818,b51jg,1.5533654689788818,0.6639780402183533,False,3,0.40748506784439087,,500,0.5,21,swish,categorical_unsmoohted,32
64,0.0001,1.0069365501403809,2.3374972343444824,,GeIYq,0.04524669796228409,0.7375383377075195,False,1,0.3979674279689789,0.04524669796228409,500,0.1,21,swish,ordinal_vanilla,256
64,0.01,1.24100661277771,2.402935028076172,1.7252386808395386,yc4FB,1.7252386808395386,0.6410711407661438,True,1,0.39070817828178406,,500,0.1,21,swish,categorical_unsmoohted,512
64,0.01,1.0866268873214722,2.4057562351226807,,WbNWe,0.049565475434064865,0.7133408784866333,False,3,0.3840942084789276,0.049565475434064865,500,0.1,21,swish,ordinal_vanilla,256
32,0.01,1.8344894647598267,4.470588207244873,3.284369468688965,iTJXg,3.284369468688965,0.4023229479789734,False,3,0.14679786562919617,,500,0.5,21,swish,ordinal_coral_weighted,512
32,0.0001,1.2874656915664673,2.9115777015686035,1.8709383010864258,QUULi,1.8709383010864258,0.624939501285553,True,2,0.3939345180988312,,500,0.5,21,swish,categorical_smoothed,16
128,0.01,1.0948539972305298,2.5917181968688965,2.5690410137176514,HF9Dt,2.5690410137176514,0.7039844989776611,False,2,0.3800612986087799,,500,0.1,21,swish,ordinal_coral_unweighted,64
64,0.001,1.1658332347869873,2.6346640586853027,1.8447235822677612,CPUwz,1.8447235822677612,0.6649459600448608,True,1,0.4061945378780365,,500,0.5,21,swish,categorical_smoothed,256
32,0.01,1.8354573249816895,4.470760345458984,50.88710021972656,tJY3R,50.88710021972656,0.4023229479789734,False,3,0.14679786562919617,,500,0.5,21,swish,ordinal_coral_unweighted,512
128,0.0001,1.0245200395584106,2.4090559482574463,,EVg2k,0.04569190368056297,0.7301177382469177,False,1,0.392805278301239,0.04569190368056297,500,0.5,21,swish,ordinal_vanilla,128
32,0.001,1.0183900594711304,2.5090115070343018,1.9929312467575073,fxPEC,1.9929312467575073,0.7285045981407166,True,1,0.39587029814720154,,500,0.5,21,swish,ordinal_coral_weighted,256
128,0.0001,1.0072592496871948,2.311715841293335,,zvbhf,0.04495393857359886,0.7357638478279114,True,1,0.39554765820503235,0.04495393857359886,500,0.1,21,swish,ordinal_vanilla,128
128,0.001,1.038877248764038,2.488178253173828,2.4125566482543945,Awy14,2.4125566482543945,0.7220519185066223,False,1,0.39119213819503784,,500,0.1,21,swish,ordinal_coral_unweighted,32
32,0.001,1.0348442792892456,2.481722593307495,,Y5BKC,0.04624004662036896,0.7318922281265259,False,3,0.384739488363266,0.04624004662036896,500,0.5,21,swish,ordinal_vanilla,256
64,0.0001,1.1298596858978271,2.570195198059082,1.8222910165786743,j15Bz,1.8222910165786743,0.6746249198913574,True,2,0.41184061765670776,,500,0.5,21,swish,categorical_smoothed,128
128,0.001,1.0309727191925049,2.413670539855957,2.4244959354400635,Q4fR1,2.4244959354400635,0.718664288520813,False,3,0.4052266478538513,,500,0.5,21,swish,ordinal_coral_unweighted,256
128,0.0001,1.1172770261764526,2.4100914001464844,1.824455976486206,JbuPM,1.824455976486206,0.6797870397567749,False,3,0.40845298767089844,,500,0.1,21,swish,categorical_smoothed,256
128,0.001,1.0258105993270874,2.4976353645324707,2.0253543853759766,MfGpa,2.0253543853759766,0.724794328212738,False,3,0.402484267950058,,500,0.5,21,swish,ordinal_coral_weighted,128
64,0.001,1.0327472686767578,2.496870994567871,,VuXlB,0.04611852020025253,0.7236651182174683,False,3,0.3974834680557251,0.04611852020025253,500,0.1,21,swish,ordinal_vanilla,128
32,0.001,1.0571060180664062,2.6793363094329834,2.4315943717956543,hmHsX,2.4315943717956543,0.717373788356781,False,1,0.38619130849838257,,500,0.5,21,swish,ordinal_coral_unweighted,16
32,0.001,1.0335538387298584,2.4652302265167236,,bsd3c,0.04603762924671173,0.7228585481643677,False,1,0.3934505581855774,0.04603762924671173,500,0.5,21,swish,ordinal_vanilla,32
32,0.0001,1.0454912185668945,2.5102176666259766,2.4444689750671387,uou3c,2.4444689750671387,0.7185029983520508,False,2,0.39457976818084717,,500,0.1,21,swish,ordinal_coral_unweighted,512
128,0.001,1.1235682964324951,2.4294400215148926,1.547411561012268,DJxzo,1.547411561012268,0.6802710294723511,False,1,0.4065171778202057,,500,0.5,21,swish,categorical_unsmoohted,256
32,0.0001,1.0401678085327148,2.3934624195098877,2.4871280193328857,Rwd0R,2.4871280193328857,0.7210840582847595,True,3,0.401032418012619,,500,0.1,21,swish,ordinal_coral_unweighted,512
64,0.01,1.0514599084854126,2.741455078125,,JxcbQ,0.04760843515396118,0.7243103981018066,False,3,0.38312631845474243,0.04760843515396118,500,0.5,21,swish,ordinal_vanilla,128
128,0.001,1.0203258991241455,2.429738998413086,,oVKub,0.04547842964529991,0.7297951579093933,True,3,0.39522504806518555,0.04547842964529991,500,0.5,21,swish,ordinal_vanilla,128
32,0.001,1.1340538263320923,2.5282444953918457,1.8432899713516235,yZWGt,1.8432899713516235,0.6791418194770813,True,2,0.40022584795951843,,500,0.1,21,swish,categorical_smoothed,512
128,0.01,1.2098726034164429,2.82930326461792,1.8485723733901978,HQoKP,1.8485723733901978,0.6504274606704712,True,1,0.4026455879211426,,500,0.5,21,swish,categorical_smoothed,16
128,0.01,1.2748830318450928,3.2418954372406006,1.5911319255828857,zAOrA,1.5911319255828857,0.6244555711746216,True,3,0.3926439881324768,,500,0.5,21,swish,categorical_unsmoohted,256
128,0.01,1.1393773555755615,2.662940263748169,2.705810070037842,GOPpf,2.705810070037842,0.6896273493766785,True,1,0.37054362893104553,,500,0.1,21,swish,ordinal_coral_unweighted,512
64,0.01,1.0348442792892456,2.5640618801116943,,nob66,0.04624026641249657,0.7239877581596375,True,2,0.39538633823394775,0.04624026641249657,500,0.5,21,swish,ordinal_vanilla,64
32,0.01,1.092111587524414,2.6044814586639404,2.5425946712493896,MqUVl,2.5425946712493896,0.6972092390060425,False,1,0.3944184482097626,,500,0.5,21,swish,ordinal_coral_unweighted,512
128,0.001,1.0188740491867065,2.399402141571045,,TSAqo,0.04541706293821335,0.7307630181312561,True,2,0.3923213481903076,0.04541706293821335,500,0.5,21,swish,ordinal_vanilla,128
32,0.001,1.0543636083602905,2.7240676879882812,2.0819685459136963,wD8vH,2.0819685459136963,0.7168897986412048,False,2,0.3889336884021759,,500,0.5,21,swish,ordinal_coral_weighted,16
64,0.01,1.043232798576355,2.485990285873413,2.40193510055542,kaLgS,2.40193510055542,0.7244716882705688,True,1,0.38619130849838257,,500,0.5,21,swish,ordinal_coral_unweighted,64
64,0.01,1.1058235168457031,2.5053014755249023,1.560361623764038,LF1ox,1.560361623764038,0.6776899695396423,True,3,0.40829166769981384,,500,0.1,21,swish,categorical_unsmoohted,64
64,0.01,1.0404903888702393,2.5884242057800293,,tCXA2,0.047685280442237854,0.7210840582847595,False,2,0.38603001832962036,0.047685280442237854,500,0.5,21,swish,ordinal_vanilla,256
64,0.001,1.0085498094558716,2.279049873352051,,nKrVO,0.04534158855676651,0.7333440780639648,False,1,0.39603161811828613,0.04534158855676651,500,0.1,21,swish,ordinal_vanilla,128
32,0.001,1.1398612260818481,2.6439990997314453,1.8544707298278809,aEoTw,1.8544707298278809,0.6794644594192505,True,1,0.4068398177623749,,500,0.1,21,swish,categorical_smoothed,512
128,0.0001,1.1871269941329956,2.7701451778411865,1.8562573194503784,zFZLj,1.8562573194503784,0.6583319902420044,False,1,0.4005484879016876,,500,0.5,21,swish,categorical_smoothed,256
128,0.001,1.022261619567871,2.441621780395508,,bfBRQ,0.04554182291030884,0.7307630181312561,True,1,0.39103081822395325,0.04554182291030884,500,0.1,21,swish,ordinal_vanilla,16
64,0.0001,1.0217777490615845,2.3792800903320312,,JzQmU,0.04567582160234451,0.7312469482421875,False,2,0.39103081822395325,0.04567582160234451,500,0.1,21,swish,ordinal_vanilla,512
64,0.001,1.0969511270523071,2.438836097717285,1.810427188873291,PQivJ,1.810427188873291,0.6876915693283081,True,2,0.4153895676136017,,500,0.1,21,swish,categorical_smoothed,16
32,0.0001,1.1642200946807861,2.735086441040039,1.8562039136886597,Rdj7m,1.8562039136886597,0.6628488302230835,False,1,0.40474268794059753,,500,0.1,21,swish,categorical_smoothed,256
128,0.0001,1.0216163396835327,2.3730499744415283,,xSjcC,0.04558461159467697,0.7320535778999329,True,1,0.39183738827705383,0.04558461159467697,500,0.5,21,swish,ordinal_vanilla,512
64,0.01,1.1359896659851074,2.519120216369629,2.3028345108032227,nmDpT,2.3028345108032227,0.6809162497520447,True,3,0.3794160485267639,,500,0.1,21,swish,ordinal_coral_weighted,64
64,0.01,1.1303435564041138,2.504171848297119,1.8273653984069824,tVczZ,1.8273653984069824,0.6725278496742249,True,3,0.41216325759887695,,500,0.1,21,swish,categorical_smoothed,16
32,0.0001,1.1366349458694458,2.550748348236084,1.5336787700653076,YUJtu,1.5336787700653076,0.6684949398040771,True,3,0.410711407661438,,500,0.5,21,swish,categorical_unsmoohted,32
32,0.01,1.282464861869812,3.2358827590942383,1.937498688697815,g9nV0,1.937498688697815,0.6228423714637756,False,3,0.393611878156662,,500,0.5,21,swish,categorical_smoothed,128
64,0.01,1.0490401983261108,2.565279006958008,2.0549659729003906,RiZlu,2.0549659729003906,0.7189869284629822,True,1,0.385384738445282,,500,0.5,21,swish,ordinal_coral_weighted,64
32,0.001,1.1080819368362427,2.4195973873138428,1.5450139045715332,ZMyLz,1.5450139045715332,0.690595269203186,True,3,0.4026455879211426,,500,0.1,21,swish,categorical_unsmoohted,256
32,0.0001,1.0208097696304321,2.4860479831695557,2.025818109512329,w4ahl,2.025818109512329,0.7264074683189392,True,3,0.4015163779258728,,500,0.5,21,swish,ordinal_coral_weighted,512
64,0.0001,1.1566381454467773,2.712362289428711,1.8495597839355469,FnCPz,1.8495597839355469,0.6659138798713684,True,1,0.40296822786331177,,500,0.1,21,swish,categorical_smoothed,256
64,0.01,1.0401678085327148,2.5389418601989746,,rRne9,0.04648317024111748,0.7196322083473206,False,2,0.39006292819976807,0.04648317024111748,500,0.5,21,swish,ordinal_vanilla,64
128,0.0001,1.1329246759414673,2.5291194915771484,1.8429445028305054,LaJJO,1.8429445028305054,0.6726891398429871,True,2,0.40877559781074524,,500,0.1,21,swish,categorical_smoothed,512
64,0.001,1.035812258720398,2.4501795768737793,2.401078939437866,pcbkM,2.401078939437866,0.7231811285018921,False,3,0.3926439881324768,,500,0.1,21,swish,ordinal_coral_unweighted,32
32,0.001,1.0217777490615845,2.5436863899230957,2.3647208213806152,mQVSE,2.3647208213806152,0.7304403781890869,False,1,0.3923213481903076,,500,0.5,21,swish,ordinal_coral_unweighted,64
128,0.001,1.089369297027588,2.560119152069092,1.8180040121078491,UctmA,1.8180040121078491,0.6888207793235779,False,2,0.4134537875652313,,500,0.5,21,swish,categorical_smoothed,128
32,0.001,1.1184061765670776,2.526931047439575,1.8322581052780151,BoiJl,1.8322581052780151,0.6834973096847534,False,2,0.4111953675746918,,500,0.1,21,swish,categorical_smoothed,128
64,0.0001,1.1034038066864014,2.7207791805267334,,mqCqP,0.04931578412652016,0.7026939988136292,True,2,0.36941441893577576,0.04931578412652016,500,0.5,21,swish,ordinal_vanilla,16
64,0.001,1.0187126398086548,2.3424956798553467,,ej7MV,0.04548165947198868,0.7278593182563782,False,2,0.39974188804626465,0.04548165947198868,500,0.5,21,swish,ordinal_vanilla,512
64,0.001,1.1216325759887695,2.3884849548339844,1.5372490882873535,YsBZ8,1.5372490882873535,0.6775286197662354,True,2,0.40829166769981384,,500,0.1,21,swish,categorical_unsmoohted,256
64,0.01,1.0859816074371338,2.578376531600952,2.517714500427246,f5Stx,2.517714500427246,0.7038232088088989,False,3,0.3852234184741974,,500,0.1,21,swish,ordinal_coral_unweighted,128
32,0.001,1.1763187646865845,2.757204532623291,1.8520557880401611,pCG4C,1.8520557880401611,0.6623649001121521,False,1,0.4065171778202057,,500,0.5,21,swish,categorical_smoothed,512
64,0.01,1.0737215280532837,2.5461254119873047,2.1154701709747314,lJBYc,2.1154701709747314,0.7115663886070251,False,1,0.37828680872917175,,500,0.5,21,swish,ordinal_coral_weighted,512
128,0.01,1.0972737073898315,2.515500068664551,2.564408540725708,AiL2I,2.564408540725708,0.7002742290496826,True,2,0.3845781683921814,,500,0.1,21,swish,ordinal_coral_unweighted,64
64,0.001,1.0243587493896484,2.4211196899414062,,hxdoJ,0.045984771102666855,0.7356024980545044,True,3,0.3895789682865143,0.045984771102666855,500,0.1,21,swish,ordinal_vanilla,512
64,0.001,1.0204871892929077,2.4032092094421387,,gkJgy,0.045309633016586304,0.7320535778999329,True,2,0.3902242183685303,0.045309633016586304,500,0.1,21,swish,ordinal_vanilla,16
128,0.0001,1.0275851488113403,2.577502727508545,2.4075746536254883,fiy0T,2.4075746536254883,0.727536678314209,False,1,0.3940958082675934,,500,0.5,21,swish,ordinal_coral_unweighted,256
128,0.01,1.0319405794143677,2.3471386432647705,,l0Jkc,0.046429503709077835,0.7223745584487915,False,1,0.401839017868042,0.046429503709077835,500,0.1,21,swish,ordinal_vanilla,32
32,0.01,1.2222939729690552,2.8984339237213135,1.5609384775161743,FAD5y,1.5609384775161743,0.6434909105300903,True,2,0.4016776978969574,,500,0.5,21,swish,categorical_unsmoohted,16
128,0.01,1.0688821077346802,2.735391616821289,2.0931613445281982,f7Uwv,2.0931613445281982,0.7030166387557983,False,2,0.4023229479789734,,500,0.5,21,swish,ordinal_coral_weighted,64
32,0.001,1.0485562086105347,2.6776158809661865,2.062885046005249,iRVpn,2.062885046005249,0.7147927284240723,False,3,0.3969995081424713,,500,0.5,21,swish,ordinal_coral_weighted,32
64,0.0001,1.0374253988265991,2.5677006244659424,2.057373285293579,pDEzL,2.057373285293579,0.7209227085113525,False,3,0.39587029814720154,,500,0.5,21,swish,ordinal_coral_weighted,128
32,0.0001,1.02064847946167,2.541379928588867,2.362802028656006,VSKfA,2.362802028656006,0.7315695881843567,True,2,0.394257128238678,,500,0.5,21,swish,ordinal_coral_unweighted,128
64,0.0001,1.2211647033691406,2.812887191772461,1.8647559881210327,I4dh5,1.8647559881210327,0.6449427604675293,True,3,0.3982900381088257,,500,0.5,21,swish,categorical_smoothed,512
128,0.0001,1.0164542198181152,2.4713516235351562,2.401649236679077,LIblk,2.401649236679077,0.7294725179672241,False,3,0.4016776978969574,,500,0.1,21,swish,ordinal_coral_unweighted,64
128,0.001,1.1656718254089355,2.733539342880249,1.8563851118087769,aUEVm,1.8563851118087769,0.6663978099822998,False,1,0.40442007780075073,,500,0.1,21,swish,categorical_smoothed,64
32,0.001,1.02064847946167,2.354879140853882,,vTFD1,0.04531963914632797,0.7278593182563782,True,2,0.39103081822395325,0.04531963914632797,500,0.1,21,swish,ordinal_vanilla,16
64,0.01,1.119051456451416,2.496950387954712,1.5364247560501099,p5pBp,1.5364247560501099,0.6759154796600342,True,3,0.4068398177623749,,500,0.1,21,swish,categorical_unsmoohted,16
128,0.01,1.0324245691299438,2.479722023010254,,IoZ38,0.04628017172217369,0.7209227085113525,True,2,0.3963542580604553,0.04628017172217369,500,0.5,21,swish,ordinal_vanilla,128
32,0.0001,1.106791377067566,2.3875136375427246,1.5331517457962036,TcmUM,1.5331517457962036,0.6838199496269226,False,3,0.40764638781547546,,500,0.1,21,swish,categorical_unsmoohted,256
32,0.001,1.0604935884475708,2.3679826259613037,2.1013269424438477,oLRge,2.1013269424438477,0.7141474485397339,True,3,0.3808678686618805,,500,0.1,21,swish,ordinal_coral_weighted,256
32,0.01,1.0837231874465942,2.5014986991882324,,GD56z,0.049941640347242355,0.7028552889823914,False,2,0.3939345180988312,0.049941640347242355,500,0.1,21,swish,ordinal_vanilla,256
64,0.0001,1.0371026992797852,2.5491018295288086,2.0390517711639404,DsKeu,2.0390517711639404,0.7256008982658386,False,2,0.3884497582912445,,500,0.5,21,swish,ordinal_coral_weighted,64
128,0.0001,1.1788997650146484,2.516568660736084,1.570235252380371,Nwlty,1.570235252380371,0.6626875400543213,False,1,0.39925795793533325,,500,0.1,21,swish,categorical_unsmoohted,512
128,0.01,1.0956605672836304,2.5893499851226807,2.5697309970855713,yotLs,2.5697309970855713,0.7049524188041687,False,1,0.37877076864242554,,500,0.1,21,swish,ordinal_coral_unweighted,64
32,0.01,1.24100661277771,2.595235824584961,2.0042331218719482,ooLhH,2.0042331218719482,0.641232430934906,True,1,0.3937731981277466,,500,0.1,21,swish,categorical_smoothed,512
64,0.01,1.2398773431777954,2.5381999015808105,1.8960334062576294,O6mDW,1.8960334062576294,0.6422003507614136,False,1,0.4008710980415344,,500,0.5,21,swish,categorical_smoothed,256
32,0.01,1.2289079427719116,2.895371913909912,1.8598215579986572,CrjOz,1.8598215579986572,0.6446201205253601,False,1,0.39587029814720154,,500,0.5,21,swish,categorical_smoothed,16
32,0.01,1.1201807260513306,2.410553455352783,,NCoUo,0.050852373242378235,0.6893047094345093,True,1,0.3731246888637543,0.050852373242378235,500,0.1,21,swish,ordinal_vanilla,256
32,0.01,1.1630908250808716,2.6265976428985596,1.5533654689788818,FtXnx,1.5533654689788818,0.6639780402183533,False,3,0.40748506784439087,,500,0.5,21,swish,categorical_unsmoohted,32
128,0.01,1.2063236236572266,2.8825953006744385,1.8454903364181519,cbHHo,1.8454903364181519,0.6536538004875183,False,2,0.4070011377334595,,500,0.5,21,swish,categorical_smoothed,256
64,0.0001,1.1263107061386108,2.444310188293457,1.5506547689437866,X7ag6,1.5506547689437866,0.6802710294723511,False,2,0.4105500876903534,,500,0.1,21,swish,categorical_unsmoohted,512
32,0.001,1.0338764190673828,2.568953037261963,2.0345332622528076,OAsVb,2.0345332622528076,0.7197934985160828,False,2,0.39974188804626465,,500,0.5,21,swish,ordinal_coral_weighted,32
64,0.0001,1.1305049657821655,2.4985098838806152,1.5338642597198486,qqQcF,1.5338642597198486,0.6751089096069336,False,2,0.40845298767089844,,500,0.1,21,swish,categorical_unsmoohted,64
64,0.001,1.0437166690826416,2.5667192935943604,,CrOhe,0.04636891186237335,0.7372156977653503,True,3,0.3636070191860199,0.04636891186237335,500,0.5,21,swish,ordinal_vanilla,32
64,0.01,1.0393612384796143,2.5400943756103516,,HMFCs,0.046294569969177246,0.7256008982658386,True,2,0.3881271183490753,0.046294569969177246,500,0.5,21,swish,ordinal_vanilla,32
32,0.001,1.126471996307373,2.465797185897827,1.5496517419815063,ENrNl,1.5496517419815063,0.6775286197662354,True,1,0.40861427783966064,,500,0.5,21,swish,categorical_unsmoohted,512
64,0.0001,1.1034038066864014,2.7207791805267334,,L8A1t,0.04931578412652016,0.7026939988136292,True,2,0.36941441893577576,0.04931578412652016,500,0.5,21,swish,ordinal_vanilla,16
128,0.001,1.1340538263320923,2.4809279441833496,1.5423299074172974,uwurZ,1.5423299074172974,0.6743022799491882,True,3,0.40409743785858154,,500,0.1,21,swish,categorical_unsmoohted,512
128,0.001,1.0185513496398926,2.3303768634796143,,dY13S,0.04566540941596031,0.7325375080108643,False,2,0.3961929380893707,0.04566540941596031,500,0.1,21,swish,ordinal_vanilla,256
128,0.0001,1.018067479133606,2.4072320461273193,,sINOm,0.045719072222709656,0.7328601479530334,False,2,0.3968381881713867,0.045719072222709656,500,0.1,21,swish,ordinal_vanilla,512
128,0.01,1.0956605672836304,2.3154075145721436,,kQ8sr,0.049729444086551666,0.7062429189682007,True,2,0.3811905086040497,0.049729444086551666,500,0.1,21,swish,ordinal_vanilla,256
32,0.001,1.1174383163452148,2.4607927799224854,1.8378181457519531,Dsdfs,1.8378181457519531,0.6815615296363831,True,2,0.4061945378780365,,500,0.1,21,swish,categorical_smoothed,256
128,0.01,1.1276012659072876,2.780273675918579,1.578993320465088,VWmNU,1.578993320465088,0.6647846698760986,True,2,0.39941924810409546,,500,0.5,21,swish,categorical_unsmoohted,128
32,0.01,1.0571060180664062,2.6327171325683594,,D4Z7o,0.04785667359828949,0.7052750587463379,False,2,0.40377479791641235,0.04785667359828949,500,0.5,21,swish,ordinal_vanilla,64
32,0.001,1.117599606513977,2.4150912761688232,1.5257964134216309,MTdvc,1.5257964134216309,0.6791418194770813,False,2,0.4149056375026703,,500,0.5,21,swish,categorical_unsmoohted,128
128,0.0001,1.0169382095336914,2.509399652481079,2.372450113296509,JG6Yk,2.372450113296509,0.72608482837677,True,3,0.402484267950058,,500,0.1,21,swish,ordinal_coral_unweighted,32
32,0.001,1.0219390392303467,2.5291574001312256,2.346388339996338,R8U4n,2.346388339996338,0.7314082980155945,True,2,0.392160028219223,,500,0.5,21,swish,ordinal_coral_unweighted,128
32,0.01,1.083239197731018,2.511810302734375,2.499743938446045,PNlAK,2.499743938446045,0.7049524188041687,False,3,0.3894176483154297,,500,0.1,21,swish,ordinal_coral_unweighted,32
128,0.01,1.0859816074371338,2.5730743408203125,2.501145362854004,z6ohK,2.501145362854004,0.7065655589103699,False,3,0.38280367851257324,,500,0.1,21,swish,ordinal_coral_unweighted,16
128,0.0001,1.0393612384796143,2.4732561111450195,2.0932579040527344,v9L2Q,2.0932579040527344,0.7207614183425903,False,3,0.3984513580799103,,500,0.5,21,swish,ordinal_coral_weighted,512
64,0.001,1.014841079711914,2.3301148414611816,,LITpK,0.04521749168634415,0.733666718006134,True,3,0.3931279182434082,0.04521749168634415,500,0.1,21,swish,ordinal_vanilla,32
64,0.0001,1.1821261644363403,2.776122570037842,1.8543225526809692,wgF6L,1.8543225526809692,0.659138560295105,False,1,0.4016776978969574,,500,0.5,21,swish,categorical_smoothed,256
128,0.001,1.0174221992492676,2.3382680416107178,,oaQNf,0.04531533643603325,0.7314082980155945,True,3,0.3884497582912445,0.04531533643603325,500,0.1,21,swish,ordinal_vanilla,64
32,0.001,1.0730762481689453,2.408489227294922,1.8094531297683716,pZONj,1.8094531297683716,0.690595269203186,False,3,0.41587352752685547,,500,0.1,21,swish,categorical_smoothed,16
128,0.01,1.2300370931625366,3.179206371307373,1.718615174293518,uyorp,1.718615174293518,0.639780580997467,False,3,0.38344892859458923,,500,0.5,21,swish,categorical_unsmoohted,512
128,0.001,1.1572834253311157,2.5480642318725586,1.539903998374939,VpDVL,1.539903998374939,0.6643006801605225,True,1,0.40813034772872925,,500,0.5,21,swish,categorical_unsmoohted,64
128,0.001,1.1656718254089355,2.733539342880249,1.8563851118087769,jXMKN,1.8563851118087769,0.6663978099822998,False,1,0.40442007780075073,,500,0.1,21,swish,categorical_smoothed,64
64,0.01,1.044684648513794,2.714874505996704,,OmEIF,0.04672182723879814,0.71882563829422,True,1,0.3884497582912445,0.04672182723879814,500,0.5,21,swish,ordinal_vanilla,16
128,0.001,1.1021132469177246,2.5788040161132812,2.276779890060425,nkqoG,2.276779890060425,0.6997902989387512,True,3,0.39054685831069946,,500,0.1,21,swish,ordinal_coral_weighted,256
128,0.0001,1.1419583559036255,2.5544803142547607,1.8336995840072632,CunZI,1.8336995840072632,0.6705920100212097,False,2,0.4058719277381897,,500,0.5,21,swish,categorical_smoothed,256
64,0.01,1.0867881774902344,2.475344657897949,,cpXze,0.04991661757230759,0.7133408784866333,False,2,0.3811905086040497,0.04991661757230759,500,0.1,21,swish,ordinal_vanilla,512
128,0.0001,1.1045329570770264,2.5946121215820312,1.8171846866607666,BrioA,1.8171846866607666,0.6826907396316528,True,2,0.4178093373775482,,500,0.1,21,swish,categorical_smoothed,32
32,0.01,1.092434287071228,2.6128134727478027,2.105342388153076,XAGNM,2.105342388153076,0.6964026689529419,False,2,0.39506372809410095,,500,0.5,21,swish,ordinal_coral_weighted,64
32,0.01,1.9264397621154785,4.764886379241943,,CyuPq,0.12040248513221741,0.5957412719726562,True,3,0.11872882395982742,0.12040248513221741,500,0.1,21,swish,ordinal_vanilla,512
32,0.0001,1.3265042304992676,3.129363536834717,1.8818395137786865,Otg6n,1.8818395137786865,0.6141313314437866,True,3,0.38780447840690613,,500,0.5,21,swish,categorical_smoothed,16
64,0.01,1.066946268081665,2.345759630203247,,iMmcD,0.04836506396532059,0.7138248085975647,False,1,0.3845781683921814,0.04836506396532059,500,0.1,21,swish,ordinal_vanilla,128
32,0.0001,1.0053234100341797,2.350058078765869,,Ey3Yl,0.04528119042515755,0.7380222678184509,False,1,0.39909663796424866,0.04528119042515755,500,0.1,21,swish,ordinal_vanilla,256
128,0.01,1.1550250053405762,2.582078218460083,1.6272412538528442,hdzxV,1.6272412538528442,0.6725278496742249,False,2,0.39587029814720154,,500,0.1,21,swish,categorical_unsmoohted,256
64,0.0001,1.2737538814544678,2.8520941734313965,1.5903098583221436,HPLlW,1.5903098583221436,0.6292950510978699,False,2,0.3937731981277466,,500,0.5,21,swish,categorical_unsmoohted,16
64,0.01,1.1811583042144775,2.860605001449585,1.8516148328781128,AWfqp,1.8516148328781128,0.6638167500495911,False,1,0.4095821976661682,,500,0.5,21,swish,categorical_smoothed,32
32,0.001,1.114534616470337,2.5125339031219482,1.5246262550354004,WY4mH,1.5246262550354004,0.6809162497520447,True,3,0.41651880741119385,,500,0.5,21,swish,categorical_unsmoohted,256
64,0.0001,1.1000161170959473,2.7057290077209473,,jglii,0.04908156394958496,0.7012421488761902,False,2,0.37748023867607117,0.04908156394958496,500,0.5,21,swish,ordinal_vanilla,32
64,0.0001,1.0275851488113403,2.5499627590179443,2.3789865970611572,NAz5r,2.3789865970611572,0.727698028087616,False,1,0.3926439881324768,,500,0.5,21,swish,ordinal_coral_unweighted,256
32,0.001,1.0111308097839355,2.3917601108551025,,cVF28,0.04502353444695473,0.7328601479530334,True,2,0.3961929380893707,0.04502353444695473,500,0.5,21,swish,ordinal_vanilla,128
128,0.001,1.015163779258728,2.4102683067321777,,p5tPA,0.0453665591776371,0.7335054278373718,False,2,0.3981287181377411,0.0453665591776371,500,0.1,21,swish,ordinal_vanilla,64
64,0.0001,1.026617169380188,2.484724760055542,2.368734121322632,D7yb2,2.368734121322632,0.7241490483283997,False,2,0.3966768980026245,,500,0.1,21,swish,ordinal_coral_unweighted,32
128,0.01,1.067268967628479,2.7493503093719482,,ufshV,0.047513529658317566,0.7109211087226868,True,3,0.3884497582912445,0.047513529658317566,500,0.5,21,swish,ordinal_vanilla,16
32,0.01,1.0575898885726929,2.6642961502075195,2.4328372478485107,jgRrQ,2.4328372478485107,0.7131795287132263,False,2,0.39506372809410095,,500,0.5,21,swish,ordinal_coral_unweighted,32
64,0.01,1.1058235168457031,2.5053014755249023,1.560361623764038,UPaY1,1.560361623764038,0.6776899695396423,True,3,0.40829166769981384,,500,0.1,21,swish,categorical_unsmoohted,64
128,0.01,1.1587352752685547,2.529153823852539,1.6272521018981934,AnSr7,1.6272521018981934,0.6676883101463318,False,1,0.3976447880268097,,500,0.1,21,swish,categorical_unsmoohted,256
64,0.01,1.0963058471679688,2.3945343494415283,,u1uw2,0.049542490392923355,0.690595269203186,True,1,0.3805452585220337,0.049542490392923355,500,0.1,21,swish,ordinal_vanilla,512
128,0.0001,1.0246814489364624,2.582911252975464,2.3891713619232178,xTT8l,2.3891713619232178,0.7273753881454468,True,1,0.3934505581855774,,500,0.5,21,swish,ordinal_coral_unweighted,512
128,0.001,1.1398612260818481,2.66426944732666,1.8552815914154053,uLzaY,1.8552815914154053,0.6733344197273254,False,1,0.40425875782966614,,500,0.1,21,swish,categorical_smoothed,256
128,0.01,1.2592353820800781,3.1261789798736572,1.673675298690796,yXAhg,1.673675298690796,0.6254234313964844,True,3,0.3803839385509491,,500,0.5,21,swish,categorical_unsmoohted,512
128,0.0001,1.0788836479187012,2.3686392307281494,1.5109976530075073,xhKyB,1.5109976530075073,0.6902726292610168,True,3,0.418131947517395,,500,0.1,21,swish,categorical_unsmoohted,32
128,0.0001,1.0353282690048218,2.553011655807495,2.0522451400756836,AGiql,2.0522451400756836,0.724632978439331,False,1,0.39070817828178406,,500,0.1,21,swish,ordinal_coral_weighted,16
32,0.01,1.8361026048660278,4.470875263214111,68.7745361328125,PQ3j7,68.7745361328125,0.4023229479789734,False,3,0.14679786562919617,,500,0.5,21,swish,ordinal_coral_weighted,256
64,0.01,1.119051456451416,2.496950387954712,1.5364247560501099,FhRzl,1.5364247560501099,0.6759154796600342,True,3,0.4068398177623749,,500,0.1,21,swish,categorical_unsmoohted,16
64,0.01,1.151637315750122,2.5750842094421387,1.5562571287155151,wXGm0,1.5562571287155151,0.6617196202278137,False,3,0.4070011377334595,,500,0.1,21,swish,categorical_unsmoohted,128
64,0.0001,1.0167769193649292,2.360416889190674,,xPvAd,0.045572470873594284,0.7317309379577637,False,1,0.39570897817611694,0.045572470873594284,500,0.5,21,swish,ordinal_vanilla,256
128,0.01,1.1061460971832275,2.687368869781494,2.239499568939209,CBSoK,2.239499568939209,0.702210009098053,False,3,0.3797386586666107,,500,0.1,21,swish,ordinal_coral_weighted,256
128,0.01,1.0948539972305298,2.5917181968688965,2.5690410137176514,AtKmo,2.5690410137176514,0.7039844989776611,False,2,0.3800612986087799,,500,0.1,21,swish,ordinal_coral_unweighted,64
128,0.0001,1.1730924844741821,2.7522263526916504,1.8578864336013794,cyxPE,1.8578864336013794,0.6631714701652527,False,1,0.40296822786331177,,500,0.5,21,swish,categorical_smoothed,512
64,0.01,1.0738829374313354,2.5380191802978516,2.1202168464660645,datnw,2.1202168464660645,0.7143087387084961,False,1,0.3718341588973999,,500,0.5,21,swish,ordinal_coral_weighted,256
32,0.0001,1.02064847946167,2.5276007652282715,2.370468854904175,CeKKq,2.370468854904175,0.728988528251648,True,3,0.39522504806518555,,500,0.1,21,swish,ordinal_coral_unweighted,16
128,0.0001,1.0751733779907227,2.4389843940734863,1.8088337182998657,jRyGO,1.8088337182998657,0.6912405490875244,False,3,0.4197451174259186,,500,0.1,21,swish,categorical_smoothed,32
32,0.0001,1.0179060697555542,2.4968931674957275,2.3659353256225586,NllSV,2.3659353256225586,0.7299564480781555,False,1,0.3978061079978943,,500,0.1,21,swish,ordinal_coral_unweighted,64
64,0.0001,1.024036169052124,2.403740882873535,,bwmci,0.04525136202573776,0.7285045981407166,False,3,0.392805278301239,0.04525136202573776,500,0.1,21,swish,ordinal_vanilla,32
128,0.001,1.025165319442749,2.574857711791992,2.0194432735443115,DXYLr,2.0194432735443115,0.7264074683189392,False,2,0.39990320801734924,,500,0.5,21,swish,ordinal_coral_weighted,64
64,0.001,1.1384093761444092,2.582422971725464,1.5405536890029907,BYQvs,1.5405536890029907,0.6738183498382568,True,1,0.4055492877960205,,500,0.1,21,swish,categorical_unsmoohted,16
128,0.01,1.1738990545272827,2.694643259048462,1.9061158895492554,lbtWh,1.9061158895492554,0.6613969802856445,False,1,0.3919987082481384,,500,0.1,21,swish,categorical_smoothed,256
32,0.0001,1.2814970016479492,2.9099767208099365,1.8718749284744263,KnB3L,1.8718749284744263,0.6268752813339233,False,2,0.39538633823394775,,500,0.5,21,swish,categorical_smoothed,16
32,0.0001,1.0296821594238281,2.5143330097198486,2.053206205368042,Xskmp,2.053206205368042,0.724632978439331,False,2,0.39974188804626465,,500,0.1,21,swish,ordinal_coral_weighted,256
32,0.001,1.1343765258789062,2.4981513023376465,1.5381251573562622,jygds,1.5381251573562622,0.6730117797851562,False,1,0.40780770778656006,,500,0.5,21,swish,categorical_unsmoohted,128
32,0.01,1.0954992771148682,2.5738370418548584,1.548580527305603,uZULz,1.548580527305603,0.6810775995254517,False,2,0.41248589754104614,,500,0.1,21,swish,categorical_unsmoohted,16
64,0.0001,1.0219390392303467,2.4707987308502197,2.3957319259643555,VX7M6,2.3957319259643555,0.7272140383720398,False,3,0.3965155780315399,,500,0.1,21,swish,ordinal_coral_unweighted,128
32,0.001,1.042910099029541,2.5827226638793945,,EVvJS,0.04636148735880852,0.7197934985160828,False,1,0.3889336884021759,0.04636148735880852,500,0.5,21,swish,ordinal_vanilla,16
32,0.001,1.2834328413009644,3.0748860836029053,1.8700461387634277,KQx6q,1.8700461387634277,0.6247782111167908,False,3,0.39538633823394775,,500,0.5,21,swish,categorical_smoothed,16
32,0.01,1.095015287399292,2.9002768993377686,,Tf3y5,0.04876315966248512,0.699467658996582,False,2,0.39119213819503784,0.04876315966248512,500,0.5,21,swish,ordinal_vanilla,16
128,0.001,1.1343765258789062,2.697103261947632,1.8509632349014282,gMgGN,1.8509632349014282,0.6738183498382568,True,1,0.4057106077671051,,500,0.5,21,swish,categorical_smoothed,512
64,0.001,1.024036169052124,2.294049024581909,,iCb9D,0.045426446944475174,0.7312469482421875,True,3,0.3879657983779907,0.045426446944475174,500,0.1,21,swish,ordinal_vanilla,64
64,0.0001,1.1158251762390137,2.5037806034088135,1.831048846244812,PrBQU,1.831048846244812,0.6804323196411133,False,2,0.4103887677192688,,500,0.1,21,swish,categorical_smoothed,128
64,0.01,1.1290531158447266,2.304055690765381,1.8375433683395386,uoLY6,1.8375433683395386,0.6794644594192505,True,3,0.4021616280078888,,500,0.1,21,swish,categorical_smoothed,32
128,0.0001,1.0219390392303467,2.5404839515686035,2.0340576171875,LVzZ8,2.0340576171875,0.7283433079719543,False,3,0.3986126780509949,,500,0.1,21,swish,ordinal_coral_weighted,16
128,0.01,1.1122761964797974,2.3793413639068604,1.5327881574630737,ZknXf,1.5327881574630737,0.6812388896942139,False,2,0.410711407661438,,500,0.1,21,swish,categorical_unsmoohted,16
32,0.01,1.20809805393219,2.3740313053131104,1.5846928358078003,nhSr0,1.5846928358078003,0.6526859402656555,False,3,0.3963542580604553,,500,0.1,21,swish,categorical_unsmoohted,256
64,0.001,1.1550250053405762,2.6535234451293945,1.8461990356445312,agTCl,1.8461990356445312,0.668010950088501,True,1,0.40296822786331177,,500,0.1,21,swish,categorical_smoothed,32
64,0.001,1.0321019887924194,2.454507827758789,2.0695557594299316,Kk8ow,2.0695557594299316,0.7217293381690979,False,2,0.4045813977718353,,500,0.1,21,swish,ordinal_coral_weighted,128
128,0.01,1.1180835962295532,2.388796806335449,1.5685222148895264,afCEt,1.5685222148895264,0.6794644594192505,True,2,0.4066784977912903,,500,0.1,21,swish,categorical_unsmoohted,64
32,0.01,1.0290369987487793,2.491598129272461,,lBWNe,0.04621211439371109,0.7220519185066223,True,1,0.3973221480846405,0.04621211439371109,500,0.5,21,swish,ordinal_vanilla,64
32,0.01,1.2293918132781982,2.5888679027557373,1.745396375656128,wt3a1,1.745396375656128,0.6439748406410217,True,1,0.38361024856567383,,500,0.1,21,swish,categorical_unsmoohted,512
32,0.01,1.9264397621154785,4.764886379241943,,la8Pp,0.12040248513221741,0.5957412719726562,True,3,0.11872882395982742,0.12040248513221741,500,0.1,21,swish,ordinal_vanilla,512
32,0.01,1.0971124172210693,2.496509313583374,,HfQ6J,0.05058196932077408,0.6901112794876099,False,2,0.4021616280078888,0.05058196932077408,500,0.1,21,swish,ordinal_vanilla,128
128,0.0001,1.0916277170181274,2.4164915084838867,1.5171561241149902,zw074,1.5171561241149902,0.6870462894439697,False,3,0.4153895676136017,,500,0.1,21,swish,categorical_unsmoohted,64
64,0.01,1.1209872961044312,2.4914417266845703,2.2107067108154297,bNnq0,2.2107067108154297,0.6941441893577576,False,1,0.3631230890750885,,500,0.1,21,swish,ordinal_coral_weighted,128
64,0.0001,1.0116147994995117,2.3304102420806885,,Hw3IA,0.04529066011309624,0.7364091277122498,False,2,0.3931279182434082,0.04529066011309624,500,0.1,21,swish,ordinal_vanilla,128
32,0.01,1.2221325635910034,2.792149782180786,1.8697741031646729,uhkc5,1.8697741031646729,0.6480077505111694,False,1,0.3937731981277466,,500,0.5,21,swish,categorical_smoothed,64
32,0.01,1.0798516273498535,2.4909603595733643,2.5201311111450195,mBrMo,2.5201311111450195,0.7025326490402222,False,2,0.39538633823394775,,500,0.1,21,swish,ordinal_coral_unweighted,64
128,0.01,1.0304887294769287,2.4701669216156006,,CAZZv,0.04676945507526398,0.7223745584487915,True,2,0.3965155780315399,0.04676945507526398,500,0.5,21,swish,ordinal_vanilla,256
128,0.001,1.0814647674560547,2.451936721801758,1.513034462928772,j0Ytj,1.513034462928772,0.6886594891548157,True,3,0.41732537746429443,,500,0.5,21,swish,categorical_unsmoohted,128
128,0.001,1.036941409111023,2.5135655403137207,2.407057046890259,slBdw,2.407057046890259,0.7217293381690979,False,1,0.3939345180988312,,500,0.1,21,swish,ordinal_coral_unweighted,16
64,0.001,1.1300209760665894,2.494213581085205,1.529489278793335,vjxJL,1.529489278793335,0.6730117797851562,True,1,0.4099048376083374,,500,0.5,21,swish,categorical_unsmoohted,32
32,0.001,1.0304887294769287,2.4126458168029785,2.0207979679107666,y36az,2.0207979679107666,0.7241490483283997,True,1,0.38603001832962036,,500,0.1,21,swish,ordinal_coral_weighted,512
32,0.0001,1.0782383680343628,2.334221601486206,1.8157764673233032,ncHgD,1.8157764673233032,0.6928536891937256,True,3,0.4157122075557709,,500,0.1,21,swish,categorical_smoothed,128
64,0.01,1.0471043586730957,2.412079095840454,,ZpmAM,0.04615391045808792,0.7217293381690979,True,1,0.38248103857040405,0.04615391045808792,500,0.1,21,swish,ordinal_vanilla,32
64,0.0001,1.0125826597213745,2.3624095916748047,,Il64Y,0.04526582360267639,0.7356024980545044,False,1,0.39457976818084717,0.04526582360267639,500,0.1,21,swish,ordinal_vanilla,64
32,0.001,1.0766252279281616,2.322585105895996,1.5121710300445557,wiJdE,1.5121710300445557,0.6901112794876099,True,3,0.41313114762306213,,500,0.5,21,swish,categorical_unsmoohted,128
32,0.001,1.0737215280532837,2.3124706745147705,2.1440072059631348,mOHfG,2.1440072059631348,0.7120503187179565,False,3,0.3807065784931183,,500,0.1,21,swish,ordinal_coral_weighted,512
128,0.01,1.13389253616333,2.490304470062256,1.5671602487564087,p3WY5,1.5671602487564087,0.6696241497993469,True,2,0.3974834680557251,,500,0.1,21,swish,categorical_unsmoohted,128
128,0.01,1.105662226676941,2.7218432426452637,2.5014891624450684,Qfur1,2.5014891624450684,0.6912405490875244,True,2,0.3892563283443451,,500,0.5,21,swish,ordinal_coral_unweighted,128
32,0.0001,1.0182287693023682,2.3821964263916016,,rHbHk,0.045303720980882645,0.7314082980155945,True,2,0.392160028219223,0.045303720980882645,500,0.1,21,swish,ordinal_vanilla,64
64,0.001,1.1658332347869873,2.6346640586853027,1.8447235822677612,cyC0W,1.8447235822677612,0.6649459600448608,True,1,0.4061945378780365,,500,0.5,21,swish,categorical_smoothed,256
64,0.0001,1.2968220710754395,2.9592459201812744,1.8758323192596436,d7SsO,1.8758323192596436,0.623487651348114,False,2,0.3924826681613922,,500,0.5,21,swish,categorical_smoothed,16
64,0.0001,1.1535731554031372,2.7187137603759766,1.8503271341323853,Ud9Po,1.8503271341323853,0.6693015098571777,True,1,0.4068398177623749,,500,0.1,21,swish,categorical_smoothed,512
64,0.01,1.0504920482635498,2.572694778442383,2.4262547492980957,k1SX7,2.4262547492980957,0.7170511484146118,True,2,0.3892563283443451,,500,0.5,21,swish,ordinal_coral_unweighted,64
32,0.001,1.0901758670806885,2.3462095260620117,1.5171586275100708,kA9iT,1.5171586275100708,0.6870462894439697,True,3,0.41748669743537903,,500,0.1,21,swish,categorical_unsmoohted,64
128,0.001,1.0587191581726074,2.4568774700164795,2.125718593597412,pLQ5x,2.125718593597412,0.7117276787757874,False,2,0.3931279182434082,,500,0.1,21,swish,ordinal_coral_weighted,128
128,0.01,1.1550250053405762,2.552046298980713,1.555354356765747,C5XIs,1.555354356765747,0.665107250213623,True,1,0.409259557723999,,500,0.1,21,swish,categorical_unsmoohted,32
128,0.001,1.1171156167984009,2.4568428993225098,1.5239157676696777,JH48r,1.5239157676696777,0.6796257495880127,True,2,0.4110340476036072,,500,0.5,21,swish,categorical_unsmoohted,128
64,0.0001,1.008872389793396,2.365431785583496,,HPUyL,0.04523418843746185,0.7354412078857422,False,1,0.3982900381088257,0.04523418843746185,500,0.1,21,swish,ordinal_vanilla,128
64,0.01,1.0708178281784058,2.293562650680542,,kDfB5,0.048241112381219864,0.7133408784866333,True,1,0.3850620985031128,0.048241112381219864,500,0.1,21,swish,ordinal_vanilla,128
32,0.01,1.058073878288269,2.48545241355896,,dsfRw,0.04682902991771698,0.7096306085586548,False,2,0.3837715685367584,0.04682902991771698,500,0.1,21,swish,ordinal_vanilla,32
128,0.01,1.0637199878692627,2.3276314735412598,,DixCM,0.0477028451859951,0.7144700884819031,False,1,0.3855460584163666,0.0477028451859951,500,0.1,21,swish,ordinal_vanilla,256
32,0.0001,1.0304887294769287,2.5001485347747803,2.0048389434814453,T7vLe,2.0048389434814453,0.7257622480392456,True,1,0.39038553833961487,,500,0.1,21,swish,ordinal_coral_weighted,32
128,0.01,1.0782383680343628,2.276489734649658,,QOyvy,0.048925939947366714,0.7018874287605286,False,2,0.39135345816612244,0.048925939947366714,500,0.1,21,swish,ordinal_vanilla,512
64,0.0001,1.013389229774475,2.4354350566864014,2.3518011569976807,Jy5UZ,2.3518011569976807,0.7320535778999329,False,2,0.3978061079978943,,500,0.1,21,swish,ordinal_coral_unweighted,64
64,0.0001,1.1764800548553467,2.584059476852417,1.5697449445724487,aly1E,1.5697449445724487,0.6623649001121521,False,3,0.39974188804626465,,500,0.1,21,swish,categorical_unsmoohted,256
64,0.001,1.2311663627624512,2.998500108718872,1.8630739450454712,cfUUo,1.8630739450454712,0.6420390605926514,False,3,0.4005484879016876,,500,0.5,21,swish,categorical_smoothed,16
128,0.01,1.0200031995773315,2.4796831607818604,,JTJIj,0.04544849321246147,0.7231811285018921,True,2,0.3974834680557251,0.04544849321246147,500,0.5,21,swish,ordinal_vanilla,64
128,0.01,1.1887401342391968,3.1829004287719727,1.903298258781433,hpfbG,1.903298258781433,0.6515567302703857,False,3,0.39974188804626465,,500,0.5,21,swish,categorical_smoothed,256
64,0.0001,1.0219390392303467,2.379692554473877,,d34FW,0.045607101172208786,0.7297951579093933,False,2,0.392805278301239,0.045607101172208786,500,0.5,21,swish,ordinal_vanilla,256
128,0.01,1.1258267164230347,2.4679789543151855,1.8515170812606812,XWp2c,1.8515170812606812,0.6731730699539185,True,2,0.40377479791641235,,500,0.1,21,swish,categorical_smoothed,128
64,0.01,1.0674302577972412,2.7162184715270996,,zBygC,0.04742034897208214,0.7130182385444641,True,3,0.3805452585220337,0.04742034897208214,500,0.5,21,swish,ordinal_vanilla,16
32,0.01,1.0509759187698364,2.5036027431488037,,pvU20,0.046530645340681076,0.7146313786506653,True,2,0.38280367851257324,0.046530645340681076,500,0.1,21,swish,ordinal_vanilla,32
32,0.001,1.02371346950531,2.4956319332122803,2.368476629257202,ONdeE,2.368476629257202,0.7309243679046631,False,1,0.3937731981277466,,500,0.5,21,swish,ordinal_coral_unweighted,512
64,0.01,1.1040490865707397,2.557523488998413,2.1862266063690186,NADeo,2.1862266063690186,0.6888207793235779,True,2,0.3902242183685303,,500,0.1,21,swish,ordinal_coral_weighted,128
128,0.0001,1.0227456092834473,2.3814048767089844,,FM3Y6,0.04521014168858528,0.7297951579093933,True,2,0.39038553833961487,0.04521014168858528,500,0.1,21,swish,ordinal_vanilla,32
32,0.01,1.0695273876190186,2.5235888957977295,2.498138427734375,Euoju,2.498138427734375,0.7180190086364746,True,1,0.3803839385509491,,500,0.5,21,swish,ordinal_coral_unweighted,512
128,0.0001,1.0319405794143677,2.4906961917877197,,Mh3yY,0.046319425106048584,0.7256008982658386,False,1,0.3929665982723236,0.046319425106048584,500,0.5,21,swish,ordinal_vanilla,32
32,0.0001,1.022584319114685,2.5019800662994385,2.37958025932312,ZdXzz,2.37958025932312,0.7265688180923462,False,3,0.3982900381088257,,500,0.1,21,swish,ordinal_coral_unweighted,128
32,0.0001,1.0214550495147705,2.5092601776123047,2.376483201980591,Z5kr9,2.376483201980591,0.727698028087616,False,1,0.3974834680557251,,500,0.1,21,swish,ordinal_coral_unweighted,512
64,0.01,1.0456525087356567,2.4111528396606445,,u1Cok,0.04670608788728714,0.7222132682800293,False,1,0.38780447840690613,0.04670608788728714,500,0.1,21,swish,ordinal_vanilla,32
32,0.001,1.0361348390579224,2.5356361865997314,2.375473976135254,X2f2M,2.375473976135254,0.7180190086364746,False,3,0.40022584795951843,,500,0.5,21,swish,ordinal_coral_unweighted,128
32,0.001,1.037264108657837,2.352034330368042,2.3934805393218994,JlOkK,2.3934805393218994,0.717373788356781,True,2,0.3937731981277466,,500,0.1,21,swish,ordinal_coral_unweighted,128
128,0.0001,1.0261332988739014,2.5459084510803223,2.398237705230713,CW7LZ,2.398237705230713,0.724794328212738,False,3,0.39974188804626465,,500,0.5,21,swish,ordinal_coral_unweighted,256
64,0.001,1.0277464389801025,2.4693105220794678,,slDJ4,0.04567209258675575,0.7326987981796265,True,3,0.385384738445282,0.04567209258675575,500,0.5,21,swish,ordinal_vanilla,64
32,0.0001,1.145668625831604,2.577256679534912,1.546079397201538,U4Wck,1.546079397201538,0.6686562299728394,True,1,0.4065171778202057,,500,0.1,21,swish,categorical_unsmoohted,64
128,0.001,1.062913417816162,2.3408725261688232,1.5106010437011719,wSJfl,1.5106010437011719,0.6955960392951965,False,3,0.42039039731025696,,500,0.1,21,swish,categorical_unsmoohted,32
128,0.0001,1.154863715171814,2.458681344985962,1.5546003580093384,t9eqv,1.5546003580093384,0.6705920100212097,True,1,0.40377479791641235,,500,0.5,21,swish,categorical_unsmoohted,512
64,0.01,2.2555251121520996,5.176470756530762,1.8477905988693237,hiBeV,1.8477905988693237,0.45039522647857666,False,3,0.33021456003189087,,500,0.5,21,swish,categorical_unsmoohted,512
32,0.0001,1.1671236753463745,2.7452566623687744,1.8543903827667236,Q9EBx,1.8543903827667236,0.6639780402183533,False,1,0.40474268794059753,,500,0.5,21,swish,categorical_smoothed,512
64,0.01,1.1290531158447266,2.304055690765381,1.8375433683395386,Uto8t,1.8375433683395386,0.6794644594192505,True,3,0.4021616280078888,,500,0.1,21,swish,categorical_smoothed,32
128,0.001,1.0230681896209717,2.277656316757202,,gMFsz,0.0456739105284214,0.7314082980155945,False,3,0.3879657983779907,0.0456739105284214,500,0.1,21,swish,ordinal_vanilla,128
64,0.0001,1.2968220710754395,2.9592459201812744,1.8758323192596436,i66fN,1.8758323192596436,0.623487651348114,False,2,0.3924826681613922,,500,0.5,21,swish,categorical_smoothed,16
32,0.0001,1.025488018989563,2.4667484760284424,2.0196053981781006,wtWa6,2.0196053981781006,0.7235037684440613,False,3,0.4028069078922272,,500,0.5,21,swish,ordinal_coral_weighted,512
32,0.001,1.0187126398086548,2.489386558532715,1.9821367263793945,Lanwz,1.9821367263793945,0.7270527482032776,True,2,0.39490240812301636,,500,0.5,21,swish,ordinal_coral_weighted,128
128,0.01,1.145668625831604,2.930220603942871,1.8637803792953491,ZrDGw,1.8637803792953491,0.6655912399291992,True,3,0.4065171778202057,,500,0.5,21,swish,categorical_smoothed,512
128,0.0001,1.026617169380188,2.5684380531311035,2.391605854034424,N305K,2.391605854034424,0.7281819581985474,True,1,0.3902242183685303,,500,0.5,21,swish,ordinal_coral_unweighted,256
32,0.01,1.083239197731018,2.511810302734375,2.499743938446045,b3YU0,2.499743938446045,0.7049524188041687,False,3,0.3894176483154297,,500,0.1,21,swish,ordinal_coral_unweighted,32
32,0.0001,1.047749638557434,2.4957826137542725,2.093430280685425,dIHNM,2.093430280685425,0.7183416485786438,True,3,0.3937731981277466,,500,0.1,21,swish,ordinal_coral_weighted,512
64,0.001,1.0243587493896484,2.337064266204834,,Xy4QV,0.04589133337140083,0.7297951579093933,True,2,0.39506372809410095,0.04589133337140083,500,0.1,21,swish,ordinal_vanilla,256
128,0.01,1.047749638557434,2.5508384704589844,2.4334394931793213,BNMhP,2.4334394931793213,0.7183416485786438,True,1,0.38683658838272095,,500,0.1,21,swish,ordinal_coral_unweighted,16
